a_speaker,b_speaker,family,n_pairs,n_triggers,n_b_positives_given_trigger,p1,p0,conv,a_gender,a_category,b_gender,b_category
A Young Man Low Down In The Education Office,Margaret,auxiliary_verbs,3,3,3,1.0,1.0,0.0,M,minor,F,major
A Young Man Low Down In The Education Office,Margaret,impersonal_pronouns,3,2,2,1.0,0.6666666666666666,0.33333333333333337,M,minor,F,major
A Young Man Low Down In The Education Office,Margaret,prepositions,3,3,3,1.0,1.0,0.0,M,minor,F,major
An Earnest Girl,Margaret,conjunctions,2,2,1,0.5,0.5,0.0,F,minor,F,major
Aunt Juley,Charles Wilcox,adverbs,27,12,7,0.5833333333333334,0.48148148148148145,0.10185185185185192,F,major,M,major
Aunt Juley,Charles Wilcox,articles,27,9,6,0.6666666666666666,0.5555555555555556,0.11111111111111105,F,major,M,major
Aunt Juley,Charles Wilcox,auxiliary_verbs,27,20,13,0.65,0.6296296296296297,0.020370370370370372,F,major,M,major
Aunt Juley,Charles Wilcox,conjunctions,27,15,9,0.6,0.48148148148148145,0.11851851851851852,F,major,M,major
Aunt Juley,Charles Wilcox,impersonal_pronouns,27,13,7,0.5384615384615384,0.5925925925925926,-0.054131054131054124,F,major,M,major
Aunt Juley,Charles Wilcox,negations,27,8,2,0.25,0.25925925925925924,-0.009259259259259245,F,major,M,major
Aunt Juley,Charles Wilcox,personal_pronouns,27,24,20,0.8333333333333334,0.8518518518518519,-0.01851851851851849,F,major,M,major
Aunt Juley,Charles Wilcox,prepositions,27,16,12,0.75,0.6296296296296297,0.12037037037037035,F,major,M,major
Aunt Juley,Charles Wilcox,quantifiers,27,6,4,0.6666666666666666,0.25925925925925924,0.4074074074074074,F,major,M,major
Aunt Juley,Fraulein Mosebach,auxiliary_verbs,2,2,1,0.5,0.5,0.0,F,major,F,minor
Aunt Juley,Fraulein Mosebach,impersonal_pronouns,2,2,1,0.5,0.5,0.0,F,major,F,minor
Aunt Juley,Fraulein Mosebach,personal_pronouns,2,2,2,1.0,1.0,0.0,F,major,F,minor
Aunt Juley,Fraulein Mosebach,prepositions,2,2,1,0.5,0.5,0.0,F,major,F,minor
Aunt Juley,Frieda,adverbs,2,2,2,1.0,1.0,0.0,F,major,,
Aunt Juley,Frieda,articles,2,2,1,0.5,0.5,0.0,F,major,,
Aunt Juley,Frieda,auxiliary_verbs,2,2,1,0.5,0.5,0.0,F,major,,
Aunt Juley,Frieda,conjunctions,2,2,2,1.0,1.0,0.0,F,major,,
Aunt Juley,Frieda,impersonal_pronouns,2,2,2,1.0,1.0,0.0,F,major,,
Aunt Juley,Frieda,prepositions,2,2,1,0.5,0.5,0.0,F,major,,
Aunt Juley,Helen,adverbs,15,11,8,0.7272727272727273,0.7333333333333333,-0.006060606060605989,F,major,F,major
Aunt Juley,Helen,articles,15,11,7,0.6363636363636364,0.6666666666666666,-0.030303030303030276,F,major,F,major
Aunt Juley,Helen,auxiliary_verbs,15,14,11,0.7857142857142857,0.8,-0.014285714285714346,F,major,F,major
Aunt Juley,Helen,conjunctions,15,12,9,0.75,0.8,-0.050000000000000044,F,major,F,major
Aunt Juley,Helen,impersonal_pronouns,15,8,7,0.875,0.8,0.07499999999999996,F,major,F,major
Aunt Juley,Helen,negations,15,4,2,0.5,0.2,0.3,F,major,F,major
Aunt Juley,Helen,personal_pronouns,15,14,12,0.8571428571428571,0.8666666666666667,-0.009523809523809601,F,major,F,major
Aunt Juley,Helen,prepositions,15,12,9,0.75,0.6666666666666666,0.08333333333333337,F,major,F,major
Aunt Juley,Helen,quantifiers,15,8,3,0.375,0.4,-0.025000000000000022,F,major,F,major
Aunt Juley,Margaret,adverbs,54,35,22,0.6285714285714286,0.6296296296296297,-0.0010582010582010914,F,major,F,major
Aunt Juley,Margaret,articles,54,21,9,0.42857142857142855,0.42592592592592593,0.0026455026455026176,F,major,F,major
Aunt Juley,Margaret,auxiliary_verbs,54,32,23,0.71875,0.7222222222222222,-0.00347222222222221,F,major,F,major
Aunt Juley,Margaret,conjunctions,54,29,18,0.6206896551724138,0.6296296296296297,-0.008939974457215838,F,major,F,major
Aunt Juley,Margaret,impersonal_pronouns,54,30,16,0.5333333333333333,0.5,0.033333333333333326,F,major,F,major
Aunt Juley,Margaret,negations,54,12,6,0.5,0.3333333333333333,0.16666666666666669,F,major,F,major
Aunt Juley,Margaret,personal_pronouns,54,33,27,0.8181818181818182,0.7592592592592593,0.05892255892255893,F,major,F,major
Aunt Juley,Margaret,prepositions,54,36,23,0.6388888888888888,0.6296296296296297,0.00925925925925919,F,major,F,major
Aunt Juley,Margaret,quantifiers,54,25,12,0.48,0.37037037037037035,0.10962962962962963,F,major,F,major
Aunt Juley,Tibby,articles,2,2,2,1.0,1.0,0.0,F,major,M,intermediate
Aunt Juley,Tibby,impersonal_pronouns,2,2,1,0.5,0.5,0.0,F,major,M,intermediate
Aunt Juley,Tibby,prepositions,2,2,2,1.0,1.0,0.0,F,major,M,intermediate
Charles Wilcox,Albert Fussell,adverbs,2,2,1,0.5,0.5,0.0,M,major,M,minor
Charles Wilcox,Albert Fussell,articles,2,2,1,0.5,0.5,0.0,M,major,M,minor
Charles Wilcox,Aunt Juley,adverbs,26,12,7,0.5833333333333334,0.5,0.08333333333333337,M,major,F,major
Charles Wilcox,Aunt Juley,articles,26,14,6,0.42857142857142855,0.3076923076923077,0.12087912087912084,M,major,F,major
Charles Wilcox,Aunt Juley,auxiliary_verbs,26,15,11,0.7333333333333333,0.7307692307692307,0.002564102564102555,M,major,F,major
Charles Wilcox,Aunt Juley,conjunctions,26,13,8,0.6153846153846154,0.5384615384615384,0.07692307692307698,M,major,F,major
Charles Wilcox,Aunt Juley,impersonal_pronouns,26,15,9,0.6,0.5,0.09999999999999998,M,major,F,major
Charles Wilcox,Aunt Juley,negations,26,7,3,0.42857142857142855,0.34615384615384615,0.0824175824175824,M,major,F,major
Charles Wilcox,Aunt Juley,personal_pronouns,26,22,19,0.8636363636363636,0.8461538461538461,0.0174825174825175,M,major,F,major
Charles Wilcox,Aunt Juley,prepositions,26,15,9,0.6,0.5769230769230769,0.023076923076923106,M,major,F,major
Charles Wilcox,Aunt Juley,quantifiers,26,7,1,0.14285714285714285,0.23076923076923078,-0.08791208791208793,M,major,F,major
Charles Wilcox,Dolly,adverbs,17,10,4,0.4,0.4117647058823529,-0.0117647058823529,M,major,F,intermediate
Charles Wilcox,Dolly,articles,17,6,1,0.16666666666666666,0.29411764705882354,-0.12745098039215688,M,major,F,intermediate
Charles Wilcox,Dolly,auxiliary_verbs,17,9,5,0.5555555555555556,0.47058823529411764,0.08496732026143794,M,major,F,intermediate
Charles Wilcox,Dolly,conjunctions,17,6,3,0.5,0.4117647058823529,0.08823529411764708,M,major,F,intermediate
Charles Wilcox,Dolly,impersonal_pronouns,17,11,7,0.6363636363636364,0.47058823529411764,0.1657754010695187,M,major,F,intermediate
Charles Wilcox,Dolly,negations,17,4,0,0.0,0.11764705882352941,-0.11764705882352941,M,major,F,intermediate
Charles Wilcox,Dolly,personal_pronouns,17,12,11,0.9166666666666666,0.8235294117647058,0.09313725490196079,M,major,F,intermediate
Charles Wilcox,Dolly,prepositions,17,10,6,0.6,0.5882352941176471,0.0117647058823529,M,major,F,intermediate
Charles Wilcox,Dolly,quantifiers,17,5,2,0.4,0.29411764705882354,0.10588235294117648,M,major,F,intermediate
Charles Wilcox,Evie,adverbs,8,3,1,0.3333333333333333,0.625,-0.2916666666666667,M,major,F,intermediate
Charles Wilcox,Evie,articles,8,2,2,1.0,0.375,0.625,M,major,F,intermediate
Charles Wilcox,Evie,auxiliary_verbs,8,7,2,0.2857142857142857,0.25,0.0357142857142857,M,major,F,intermediate
Charles Wilcox,Evie,impersonal_pronouns,8,6,1,0.16666666666666666,0.25,-0.08333333333333334,M,major,F,intermediate
Charles Wilcox,Evie,negations,8,2,1,0.5,0.25,0.25,M,major,F,intermediate
Charles Wilcox,Evie,personal_pronouns,8,6,1,0.16666666666666666,0.125,0.04166666666666666,M,major,F,intermediate
Charles Wilcox,Evie,prepositions,8,5,1,0.2,0.25,-0.04999999999999999,M,major,F,intermediate
Charles Wilcox,Evie,quantifiers,8,3,0,0.0,0.0,0.0,M,major,F,intermediate
Charles Wilcox,Henry,adverbs,25,14,8,0.5714285714285714,0.56,0.011428571428571344,M,major,,
Charles Wilcox,Henry,articles,25,17,4,0.23529411764705882,0.28,-0.044705882352941206,M,major,,
Charles Wilcox,Henry,auxiliary_verbs,25,18,6,0.3333333333333333,0.48,-0.14666666666666667,M,major,,
Charles Wilcox,Henry,conjunctions,25,15,6,0.4,0.44,-0.03999999999999998,M,major,,
Charles Wilcox,Henry,impersonal_pronouns,25,12,5,0.4166666666666667,0.48,-0.0633333333333333,M,major,,
Charles Wilcox,Henry,negations,25,4,1,0.25,0.2,0.04999999999999999,M,major,,
Charles Wilcox,Henry,personal_pronouns,25,24,17,0.7083333333333334,0.72,-0.011666666666666603,M,major,,
Charles Wilcox,Henry,prepositions,25,21,11,0.5238095238095238,0.56,-0.03619047619047622,M,major,,
Charles Wilcox,Henry,quantifiers,25,12,3,0.25,0.2,0.04999999999999999,M,major,,
Charles Wilcox,His Father'S Chauffeur,adverbs,6,3,2,0.6666666666666666,0.3333333333333333,0.3333333333333333,M,major,M,minor
Charles Wilcox,His Father'S Chauffeur,articles,6,4,3,0.75,0.6666666666666666,0.08333333333333337,M,major,M,minor
Charles Wilcox,His Father'S Chauffeur,auxiliary_verbs,6,5,4,0.8,0.6666666666666666,0.13333333333333341,M,major,M,minor
Charles Wilcox,His Father'S Chauffeur,conjunctions,6,2,0,0.0,0.16666666666666666,-0.16666666666666666,M,major,M,minor
Charles Wilcox,His Father'S Chauffeur,impersonal_pronouns,6,2,2,1.0,0.5,0.5,M,major,M,minor
Charles Wilcox,His Father'S Chauffeur,personal_pronouns,6,5,2,0.4,0.3333333333333333,0.06666666666666671,M,major,M,minor
Charles Wilcox,His Father'S Chauffeur,prepositions,6,4,2,0.5,0.5,0.0,M,major,M,minor
Charles Wilcox,His Father'S Chauffeur,quantifiers,6,2,0,0.0,0.16666666666666666,-0.16666666666666666,M,major,M,minor
Charles Wilcox,Margaret,adverbs,11,3,0,0.0,0.18181818181818182,-0.18181818181818182,M,major,F,major
Charles Wilcox,Margaret,articles,11,4,1,0.25,0.09090909090909091,0.1590909090909091,M,major,F,major
Charles Wilcox,Margaret,auxiliary_verbs,11,4,2,0.5,0.36363636363636365,0.13636363636363635,M,major,F,major
Charles Wilcox,Margaret,conjunctions,11,3,1,0.3333333333333333,0.18181818181818182,0.1515151515151515,M,major,F,major
Charles Wilcox,Margaret,impersonal_pronouns,11,4,2,0.5,0.45454545454545453,0.04545454545454547,M,major,F,major
Charles Wilcox,Margaret,negations,11,2,0,0.0,0.09090909090909091,-0.09090909090909091,M,major,F,major
Charles Wilcox,Margaret,personal_pronouns,11,7,4,0.5714285714285714,0.5454545454545454,0.025974025974025983,M,major,F,major
Charles Wilcox,Margaret,prepositions,11,4,3,0.75,0.5454545454545454,0.20454545454545459,M,major,F,major
Charles Wilcox,Margaret,quantifiers,11,2,0,0.0,0.0,0.0,M,major,F,major
Charles Wilcox,Mr. Wilcox,adverbs,9,5,3,0.6,0.4444444444444444,0.15555555555555556,M,major,M,major
Charles Wilcox,Mr. Wilcox,articles,9,3,0,0.0,0.4444444444444444,-0.4444444444444444,M,major,M,major
Charles Wilcox,Mr. Wilcox,auxiliary_verbs,9,6,5,0.8333333333333334,0.7777777777777778,0.05555555555555558,M,major,M,major
Charles Wilcox,Mr. Wilcox,conjunctions,9,5,2,0.4,0.4444444444444444,-0.0444444444444444,M,major,M,major
Charles Wilcox,Mr. Wilcox,impersonal_pronouns,9,4,3,0.75,0.6666666666666666,0.08333333333333337,M,major,M,major
Charles Wilcox,Mr. Wilcox,negations,9,3,1,0.3333333333333333,0.3333333333333333,0.0,M,major,M,major
Charles Wilcox,Mr. Wilcox,personal_pronouns,9,5,5,1.0,0.8888888888888888,0.11111111111111116,M,major,M,major
Charles Wilcox,Mr. Wilcox,prepositions,9,5,3,0.6,0.6666666666666666,-0.06666666666666665,M,major,M,major
Charles Wilcox,Mr. Wilcox,quantifiers,9,2,0,0.0,0.2222222222222222,-0.2222222222222222,M,major,M,major
Charles Wilcox,Tibby,adverbs,6,3,2,0.6666666666666666,0.5,0.16666666666666663,M,major,M,intermediate
Charles Wilcox,Tibby,articles,6,3,1,0.3333333333333333,0.3333333333333333,0.0,M,major,M,intermediate
Charles Wilcox,Tibby,auxiliary_verbs,6,4,1,0.25,0.16666666666666666,0.08333333333333334,M,major,M,intermediate
Charles Wilcox,Tibby,conjunctions,6,4,2,0.5,0.3333333333333333,0.16666666666666669,M,major,M,intermediate
Charles Wilcox,Tibby,impersonal_pronouns,6,3,2,0.6666666666666666,0.5,0.16666666666666663,M,major,M,intermediate
Charles Wilcox,Tibby,negations,6,2,1,0.5,0.3333333333333333,0.16666666666666669,M,major,M,intermediate
Charles Wilcox,Tibby,personal_pronouns,6,6,5,0.8333333333333334,0.8333333333333334,0.0,M,major,M,intermediate
Charles Wilcox,Tibby,prepositions,6,3,1,0.3333333333333333,0.6666666666666666,-0.3333333333333333,M,major,M,intermediate
Charles Wilcox,Tibby,quantifiers,6,3,2,0.6666666666666666,0.5,0.16666666666666663,M,major,M,intermediate
Colonel Fussell,Margaret,adverbs,2,2,2,1.0,1.0,0.0,M,minor,F,major
Dolly,Charles Wilcox,adverbs,20,8,3,0.375,0.55,-0.17500000000000004,F,intermediate,M,major
Dolly,Charles Wilcox,articles,20,5,4,0.8,0.35,0.45000000000000007,F,intermediate,M,major
Dolly,Charles Wilcox,auxiliary_verbs,20,8,6,0.75,0.65,0.09999999999999998,F,intermediate,M,major
Dolly,Charles Wilcox,conjunctions,20,7,4,0.5714285714285714,0.45,0.12142857142857139,F,intermediate,M,major
Dolly,Charles Wilcox,impersonal_pronouns,20,10,6,0.6,0.6,0.0,F,intermediate,M,major
Dolly,Charles Wilcox,negations,20,2,1,0.5,0.25,0.25,F,intermediate,M,major
Dolly,Charles Wilcox,personal_pronouns,20,16,11,0.6875,0.75,-0.0625,F,intermediate,M,major
Dolly,Charles Wilcox,prepositions,20,12,9,0.75,0.55,0.19999999999999996,F,intermediate,M,major
Dolly,Charles Wilcox,quantifiers,20,6,4,0.6666666666666666,0.4,0.2666666666666666,F,intermediate,M,major
Dolly,Henry,adverbs,7,3,2,0.6666666666666666,0.42857142857142855,0.23809523809523808,F,intermediate,,
Dolly,Henry,articles,7,5,2,0.4,0.2857142857142857,0.11428571428571432,F,intermediate,,
Dolly,Henry,auxiliary_verbs,7,5,3,0.6,0.42857142857142855,0.17142857142857143,F,intermediate,,
Dolly,Henry,conjunctions,7,4,3,0.75,0.5714285714285714,0.1785714285714286,F,intermediate,,
Dolly,Henry,impersonal_pronouns,7,3,1,0.3333333333333333,0.5714285714285714,-0.23809523809523808,F,intermediate,,
Dolly,Henry,negations,7,3,1,0.3333333333333333,0.42857142857142855,-0.09523809523809523,F,intermediate,,
Dolly,Henry,personal_pronouns,7,7,7,1.0,1.0,0.0,F,intermediate,,
Dolly,Henry,prepositions,7,4,2,0.5,0.5714285714285714,-0.0714285714285714,F,intermediate,,
Dolly,Henry,quantifiers,7,4,1,0.25,0.2857142857142857,-0.0357142857142857,F,intermediate,,
Dolly,Margaret,adverbs,24,16,11,0.6875,0.6666666666666666,0.02083333333333337,F,intermediate,F,major
Dolly,Margaret,articles,24,13,6,0.46153846153846156,0.4583333333333333,0.0032051282051282493,F,intermediate,F,major
Dolly,Margaret,auxiliary_verbs,24,19,12,0.631578947368421,0.6666666666666666,-0.03508771929824561,F,intermediate,F,major
Dolly,Margaret,conjunctions,24,16,8,0.5,0.4583333333333333,0.041666666666666685,F,intermediate,F,major
Dolly,Margaret,impersonal_pronouns,24,17,8,0.47058823529411764,0.5,-0.02941176470588236,F,intermediate,F,major
Dolly,Margaret,negations,24,6,1,0.16666666666666666,0.25,-0.08333333333333334,F,intermediate,F,major
Dolly,Margaret,personal_pronouns,24,19,13,0.6842105263157895,0.625,0.05921052631578949,F,intermediate,F,major
Dolly,Margaret,prepositions,24,17,10,0.5882352941176471,0.5416666666666666,0.04656862745098045,F,intermediate,F,major
Dolly,Margaret,quantifiers,24,11,3,0.2727272727272727,0.20833333333333334,0.06439393939393936,F,intermediate,F,major
Dolly,Mr. Wilcox,adverbs,4,2,0,0.0,0.5,-0.5,F,intermediate,M,major
Dolly,Mr. Wilcox,articles,4,2,1,0.5,0.75,-0.25,F,intermediate,M,major
Dolly,Mr. Wilcox,conjunctions,4,3,2,0.6666666666666666,0.5,0.16666666666666663,F,intermediate,M,major
Dolly,Mr. Wilcox,impersonal_pronouns,4,2,2,1.0,1.0,0.0,F,intermediate,M,major
Dolly,Mr. Wilcox,personal_pronouns,4,2,2,1.0,1.0,0.0,F,intermediate,M,major
Dolly,Mr. Wilcox,prepositions,4,3,2,0.6666666666666666,0.75,-0.08333333333333337,F,intermediate,M,major
Dolly,Mr. Wilcox,quantifiers,4,2,2,1.0,0.75,0.25,F,intermediate,M,major
Evie,Charles Wilcox,adverbs,10,8,5,0.625,0.6,0.025000000000000022,F,intermediate,M,major
Evie,Charles Wilcox,articles,10,5,2,0.4,0.4,0.0,F,intermediate,M,major
Evie,Charles Wilcox,auxiliary_verbs,10,4,3,0.75,0.8,-0.050000000000000044,F,intermediate,M,major
Evie,Charles Wilcox,impersonal_pronouns,10,4,2,0.5,0.4,0.09999999999999998,F,intermediate,M,major
Evie,Charles Wilcox,negations,10,4,1,0.25,0.3,-0.04999999999999999,F,intermediate,M,major
Evie,Charles Wilcox,personal_pronouns,10,4,3,0.75,0.8,-0.050000000000000044,F,intermediate,M,major
Evie,Charles Wilcox,prepositions,10,4,2,0.5,0.5,0.0,F,intermediate,M,major
Evie,Charles Wilcox,quantifiers,10,2,1,0.5,0.2,0.3,F,intermediate,M,major
Evie,Dolly,impersonal_pronouns,4,2,0,0.0,0.25,-0.25,F,intermediate,F,intermediate
Evie,Henry,personal_pronouns,4,2,1,0.5,0.75,-0.25,F,intermediate,,
Evie,Henry,prepositions,4,2,1,0.5,0.75,-0.25,F,intermediate,,
Evie,Margaret,adverbs,7,3,1,0.3333333333333333,0.2857142857142857,0.047619047619047616,F,intermediate,F,major
Evie,Margaret,personal_pronouns,7,3,3,1.0,0.8571428571428571,0.1428571428571429,F,intermediate,F,major
Evie,Mr. Cahill,personal_pronouns,2,2,2,1.0,1.0,0.0,F,intermediate,M,minor
Evie,Mr. Cahill,prepositions,2,2,1,0.5,0.5,0.0,F,intermediate,M,minor
Evie,Mr. Wilcox,articles,6,4,1,0.25,0.16666666666666666,0.08333333333333334,F,intermediate,M,major
Evie,Mr. Wilcox,auxiliary_verbs,6,3,0,0.0,0.16666666666666666,-0.16666666666666666,F,intermediate,M,major
Evie,Mr. Wilcox,conjunctions,6,2,1,0.5,0.16666666666666666,0.33333333333333337,F,intermediate,M,major
Evie,Mr. Wilcox,impersonal_pronouns,6,3,1,0.3333333333333333,0.5,-0.16666666666666669,F,intermediate,M,major
Evie,Mr. Wilcox,personal_pronouns,6,3,3,1.0,0.6666666666666666,0.33333333333333337,F,intermediate,M,major
Evie,Mrs. Wilcox,adverbs,3,2,2,1.0,0.6666666666666666,0.33333333333333337,F,intermediate,F,intermediate
Fraulein Mosebach,Helen,articles,2,2,2,1.0,1.0,0.0,F,minor,F,major
Fraulein Mosebach,Helen,personal_pronouns,2,2,2,1.0,1.0,0.0,F,minor,F,major
Fraulein Mosebach,Margaret,auxiliary_verbs,4,4,2,0.5,0.5,0.0,F,minor,F,major
Fraulein Mosebach,Margaret,personal_pronouns,4,4,3,0.75,0.75,0.0,F,minor,F,major
Fraulein Mosebach,Margaret,prepositions,4,2,0,0.0,0.25,-0.25,F,minor,F,major
Fraulein Mosebach,Margaret,quantifiers,4,2,2,1.0,1.0,0.0,F,minor,F,major
Frieda,Aunt Juley,adverbs,4,2,2,1.0,1.0,0.0,,,F,major
Frieda,Aunt Juley,articles,4,2,2,1.0,1.0,0.0,,,F,major
Frieda,Aunt Juley,auxiliary_verbs,4,3,3,1.0,1.0,0.0,,,F,major
Frieda,Aunt Juley,conjunctions,4,4,4,1.0,1.0,0.0,,,F,major
Frieda,Aunt Juley,impersonal_pronouns,4,2,1,0.5,0.5,0.0,,,F,major
Frieda,Aunt Juley,negations,4,2,0,0.0,0.25,-0.25,,,F,major
Frieda,Aunt Juley,personal_pronouns,4,2,1,0.5,0.75,-0.25,,,F,major
Frieda,Aunt Juley,prepositions,4,2,1,0.5,0.75,-0.25,,,F,major
Frieda,Helen,adverbs,5,2,1,0.5,0.6,-0.09999999999999998,,,F,major
Frieda,Helen,auxiliary_verbs,5,2,2,1.0,0.8,0.19999999999999996,,,F,major
Frieda,Helen,conjunctions,5,3,2,0.6666666666666666,0.6,0.06666666666666665,,,F,major
Frieda,Helen,impersonal_pronouns,5,3,2,0.6666666666666666,0.6,0.06666666666666665,,,F,major
Frieda,Helen,personal_pronouns,5,2,2,1.0,0.8,0.19999999999999996,,,F,major
Frieda,Helen,prepositions,5,3,2,0.6666666666666666,0.6,0.06666666666666665,,,F,major
Helen,Aunt Juley,adverbs,13,8,5,0.625,0.5384615384615384,0.08653846153846156,F,major,F,major
Helen,Aunt Juley,articles,13,7,4,0.5714285714285714,0.5384615384615384,0.03296703296703296,F,major,F,major
Helen,Aunt Juley,auxiliary_verbs,13,7,6,0.8571428571428571,0.8461538461538461,0.01098901098901095,F,major,F,major
Helen,Aunt Juley,conjunctions,13,7,4,0.5714285714285714,0.6153846153846154,-0.04395604395604402,F,major,F,major
Helen,Aunt Juley,impersonal_pronouns,13,5,4,0.8,0.6153846153846154,0.18461538461538463,F,major,F,major
Helen,Aunt Juley,negations,13,3,1,0.3333333333333333,0.23076923076923078,0.10256410256410253,F,major,F,major
Helen,Aunt Juley,personal_pronouns,13,7,6,0.8571428571428571,0.7692307692307693,0.08791208791208782,F,major,F,major
Helen,Aunt Juley,prepositions,13,7,5,0.7142857142857143,0.6923076923076923,0.02197802197802201,F,major,F,major
Helen,Aunt Juley,quantifiers,13,4,3,0.75,0.46153846153846156,0.28846153846153844,F,major,F,major
Helen,Fraulein Mosebach,articles,3,3,1,0.3333333333333333,0.3333333333333333,0.0,F,major,F,minor
Helen,Fraulein Mosebach,auxiliary_verbs,3,2,1,0.5,0.6666666666666666,-0.16666666666666663,F,major,F,minor
Helen,Fraulein Mosebach,conjunctions,3,2,0,0.0,0.0,0.0,F,major,F,minor
Helen,Fraulein Mosebach,impersonal_pronouns,3,3,1,0.3333333333333333,0.3333333333333333,0.0,F,major,F,minor
Helen,Fraulein Mosebach,personal_pronouns,3,3,2,0.6666666666666666,0.6666666666666666,0.0,F,major,F,minor
Helen,Fraulein Mosebach,prepositions,3,3,1,0.3333333333333333,0.3333333333333333,0.0,F,major,F,minor
Helen,Frieda,adverbs,6,5,1,0.2,0.3333333333333333,-0.1333333333333333,F,major,,
Helen,Frieda,articles,6,2,1,0.5,0.3333333333333333,0.16666666666666669,F,major,,
Helen,Frieda,auxiliary_verbs,6,6,4,0.6666666666666666,0.6666666666666666,0.0,F,major,,
Helen,Frieda,conjunctions,6,5,3,0.6,0.6666666666666666,-0.06666666666666665,F,major,,
Helen,Frieda,impersonal_pronouns,6,4,1,0.25,0.5,-0.25,F,major,,
Helen,Frieda,negations,6,3,2,0.6666666666666666,0.3333333333333333,0.3333333333333333,F,major,,
Helen,Frieda,personal_pronouns,6,6,2,0.3333333333333333,0.3333333333333333,0.0,F,major,,
Helen,Frieda,prepositions,6,4,2,0.5,0.6666666666666666,-0.16666666666666663,F,major,,
Helen,Frieda,quantifiers,6,3,0,0.0,0.16666666666666666,-0.16666666666666666,F,major,,
Helen,Henry,adverbs,23,11,6,0.5454545454545454,0.5652173913043478,-0.01976284584980237,F,major,,
Helen,Henry,articles,23,14,9,0.6428571428571429,0.6086956521739131,0.03416149068322982,F,major,,
Helen,Henry,auxiliary_verbs,23,13,8,0.6153846153846154,0.6086956521739131,0.006688963210702337,F,major,,
Helen,Henry,conjunctions,23,10,6,0.6,0.5217391304347826,0.07826086956521738,F,major,,
Helen,Henry,impersonal_pronouns,23,11,9,0.8181818181818182,0.6521739130434783,0.16600790513833996,F,major,,
Helen,Henry,negations,23,5,3,0.6,0.34782608695652173,0.25217391304347825,F,major,,
Helen,Henry,personal_pronouns,23,16,14,0.875,0.8260869565217391,0.048913043478260865,F,major,,
Helen,Henry,prepositions,23,15,10,0.6666666666666666,0.6521739130434783,0.01449275362318836,F,major,,
Helen,Henry,quantifiers,23,10,5,0.5,0.5217391304347826,-0.021739130434782594,F,major,,
Helen,Leonard,adverbs,57,39,23,0.5897435897435898,0.631578947368421,-0.04183535762483126,F,major,M,major
Helen,Leonard,articles,57,24,10,0.4166666666666667,0.2807017543859649,0.1359649122807018,F,major,M,major
Helen,Leonard,auxiliary_verbs,57,33,20,0.6060606060606061,0.5964912280701754,0.009569377990430672,F,major,M,major
Helen,Leonard,conjunctions,57,32,19,0.59375,0.5614035087719298,0.03234649122807021,F,major,M,major
Helen,Leonard,impersonal_pronouns,57,31,14,0.45161290322580644,0.543859649122807,-0.0922467458970006,F,major,M,major
Helen,Leonard,negations,57,12,3,0.25,0.3508771929824561,-0.10087719298245612,F,major,M,major
Helen,Leonard,personal_pronouns,57,41,34,0.8292682926829268,0.7719298245614035,0.05733846812152332,F,major,M,major
Helen,Leonard,prepositions,57,35,18,0.5142857142857142,0.5789473684210527,-0.06466165413533842,F,major,M,major
Helen,Leonard,quantifiers,57,19,10,0.5263157894736842,0.38596491228070173,0.14035087719298245,F,major,M,major
Helen,Margaret,adverbs,200,116,67,0.5775862068965517,0.59,-0.012413793103448256,F,major,F,major
Helen,Margaret,articles,200,103,43,0.4174757281553398,0.425,-0.007524271844660202,F,major,F,major
Helen,Margaret,auxiliary_verbs,200,136,88,0.6470588235294118,0.63,0.017058823529411793,F,major,F,major
Helen,Margaret,conjunctions,200,121,61,0.5041322314049587,0.465,0.03913223140495864,F,major,F,major
Helen,Margaret,impersonal_pronouns,200,119,70,0.5882352941176471,0.57,0.018235294117647127,F,major,F,major
Helen,Margaret,negations,200,68,18,0.2647058823529412,0.25,0.01470588235294118,F,major,F,major
Helen,Margaret,personal_pronouns,200,148,110,0.7432432432432432,0.7,0.043243243243243246,F,major,F,major
Helen,Margaret,prepositions,200,133,77,0.5789473684210527,0.58,-0.001052631578947305,F,major,F,major
Helen,Margaret,quantifiers,200,76,32,0.42105263157894735,0.345,0.07605263157894737,F,major,F,major
Helen,Tibby,adverbs,17,14,5,0.35714285714285715,0.35294117647058826,0.004201680672268893,F,major,M,intermediate
Helen,Tibby,articles,17,13,10,0.7692307692307693,0.5882352941176471,0.1809954751131222,F,major,M,intermediate
Helen,Tibby,auxiliary_verbs,17,16,11,0.6875,0.6470588235294118,0.0404411764705882,F,major,M,intermediate
Helen,Tibby,conjunctions,17,15,3,0.2,0.17647058823529413,0.023529411764705882,F,major,M,intermediate
Helen,Tibby,impersonal_pronouns,17,13,9,0.6923076923076923,0.5882352941176471,0.10407239819004521,F,major,M,intermediate
Helen,Tibby,negations,17,10,2,0.2,0.17647058823529413,0.023529411764705882,F,major,M,intermediate
Helen,Tibby,personal_pronouns,17,16,12,0.75,0.7058823529411765,0.044117647058823484,F,major,M,intermediate
Helen,Tibby,prepositions,17,15,5,0.3333333333333333,0.29411764705882354,0.039215686274509776,F,major,M,intermediate
Helen,Tibby,quantifiers,17,12,2,0.16666666666666666,0.11764705882352941,0.04901960784313725,F,major,M,intermediate
Helen,Tom,impersonal_pronouns,3,2,0,0.0,0.0,0.0,F,major,,
Helen,Tom,personal_pronouns,3,2,1,0.5,0.3333333333333333,0.16666666666666669,F,major,,
Helen,Tom,quantifiers,3,2,0,0.0,0.0,0.0,F,major,,
Henry,Charles Wilcox,adverbs,25,15,7,0.4666666666666667,0.56,-0.09333333333333338,,,M,major
Henry,Charles Wilcox,articles,25,6,4,0.6666666666666666,0.68,-0.01333333333333342,,,M,major
Henry,Charles Wilcox,auxiliary_verbs,25,13,11,0.8461538461538461,0.76,0.08615384615384614,,,M,major
Henry,Charles Wilcox,conjunctions,25,11,8,0.7272727272727273,0.64,0.08727272727272728,,,M,major
Henry,Charles Wilcox,impersonal_pronouns,25,13,6,0.46153846153846156,0.48,-0.018461538461538418,,,M,major
Henry,Charles Wilcox,negations,25,5,0,0.0,0.16,-0.16,,,M,major
Henry,Charles Wilcox,personal_pronouns,25,17,16,0.9411764705882353,0.96,-0.018823529411764683,,,M,major
Henry,Charles Wilcox,prepositions,25,12,11,0.9166666666666666,0.84,0.07666666666666666,,,M,major
Henry,Charles Wilcox,quantifiers,25,5,2,0.4,0.48,-0.07999999999999996,,,M,major
Henry,Dolly,adverbs,6,2,1,0.5,0.5,0.0,,,F,intermediate
Henry,Dolly,articles,6,2,1,0.5,0.5,0.0,,,F,intermediate
Henry,Dolly,conjunctions,6,3,2,0.6666666666666666,0.3333333333333333,0.3333333333333333,,,F,intermediate
Henry,Dolly,personal_pronouns,6,6,5,0.8333333333333334,0.8333333333333334,0.0,,,F,intermediate
Henry,Dolly,prepositions,6,4,2,0.5,0.6666666666666666,-0.16666666666666663,,,F,intermediate
Henry,Evie,adverbs,7,5,2,0.4,0.2857142857142857,0.11428571428571432,,,F,intermediate
Henry,Evie,articles,7,2,1,0.5,0.14285714285714285,0.35714285714285715,,,F,intermediate
Henry,Evie,auxiliary_verbs,7,4,1,0.25,0.14285714285714285,0.10714285714285715,,,F,intermediate
Henry,Evie,impersonal_pronouns,7,2,1,0.5,0.14285714285714285,0.35714285714285715,,,F,intermediate
Henry,Evie,personal_pronouns,7,7,2,0.2857142857142857,0.2857142857142857,0.0,,,F,intermediate
Henry,Evie,prepositions,7,3,1,0.3333333333333333,0.2857142857142857,0.047619047619047616,,,F,intermediate
Henry,Evie,quantifiers,7,2,1,0.5,0.14285714285714285,0.35714285714285715,,,F,intermediate
Henry,Helen,adverbs,19,12,4,0.3333333333333333,0.3684210526315789,-0.03508771929824561,,,F,major
Henry,Helen,articles,19,10,4,0.4,0.47368421052631576,-0.07368421052631574,,,F,major
Henry,Helen,auxiliary_verbs,19,12,7,0.5833333333333334,0.5789473684210527,0.004385964912280715,,,F,major
Henry,Helen,conjunctions,19,9,2,0.2222222222222222,0.2631578947368421,-0.04093567251461988,,,F,major
Henry,Helen,impersonal_pronouns,19,11,5,0.45454545454545453,0.42105263157894735,0.033492822966507185,,,F,major
Henry,Helen,negations,19,7,1,0.14285714285714285,0.21052631578947367,-0.06766917293233082,,,F,major
Henry,Helen,personal_pronouns,19,15,8,0.5333333333333333,0.5789473684210527,-0.04561403508771933,,,F,major
Henry,Helen,prepositions,19,13,6,0.46153846153846156,0.5263157894736842,-0.06477732793522262,,,F,major
Henry,Helen,quantifiers,19,10,5,0.5,0.47368421052631576,0.026315789473684237,,,F,major
Henry,Jacky,personal_pronouns,2,2,1,0.5,0.5,0.0,,,,
Henry,Jacky,prepositions,2,2,0,0.0,0.0,0.0,,,,
Henry,Margaret,adverbs,274,160,85,0.53125,0.5547445255474452,-0.023494525547445244,,,F,major
Henry,Margaret,articles,274,127,46,0.36220472440944884,0.3722627737226277,-0.010058049313178885,,,F,major
Henry,Margaret,auxiliary_verbs,274,175,106,0.6057142857142858,0.5948905109489051,0.010823774765380656,,,F,major
Henry,Margaret,conjunctions,274,117,59,0.5042735042735043,0.48175182481751827,0.022521679455985988,,,F,major
Henry,Margaret,impersonal_pronouns,274,150,78,0.52,0.5072992700729927,0.012700729927007326,,,F,major
Henry,Margaret,negations,274,69,23,0.3333333333333333,0.3029197080291971,0.030413625304136216,,,F,major
Henry,Margaret,personal_pronouns,274,220,164,0.7454545454545455,0.7408759124087592,0.004578633045786318,,,F,major
Henry,Margaret,prepositions,274,187,118,0.6310160427807486,0.5948905109489051,0.03612553183184353,,,F,major
Henry,Margaret,quantifiers,274,101,38,0.37623762376237624,0.36496350364963503,0.011274120112741204,,,F,major
Henry,Paul,adverbs,5,4,2,0.5,0.6,-0.09999999999999998,,,M,minor
Henry,Paul,articles,5,2,2,1.0,0.4,0.6,,,M,minor
Henry,Paul,auxiliary_verbs,5,3,2,0.6666666666666666,0.4,0.2666666666666666,,,M,minor
Henry,Paul,conjunctions,5,3,1,0.3333333333333333,0.4,-0.06666666666666671,,,M,minor
Henry,Paul,impersonal_pronouns,5,2,1,0.5,0.4,0.09999999999999998,,,M,minor
Henry,Paul,personal_pronouns,5,4,3,0.75,0.6,0.15000000000000002,,,M,minor
Henry,Paul,prepositions,5,4,3,0.75,0.6,0.15000000000000002,,,M,minor
Henry,Paul,quantifiers,5,2,1,0.5,0.4,0.09999999999999998,,,M,minor
Henry,Tibby,adverbs,3,3,1,0.3333333333333333,0.3333333333333333,0.0,,,M,intermediate
Henry,Tibby,auxiliary_verbs,3,2,2,1.0,1.0,0.0,,,M,intermediate
Henry,Tibby,personal_pronouns,3,2,2,1.0,1.0,0.0,,,M,intermediate
Herr Liesecke,Aunt Juley,auxiliary_verbs,2,2,2,1.0,1.0,0.0,M,minor,F,major
Herr Liesecke,Aunt Juley,impersonal_pronouns,2,2,1,0.5,0.5,0.0,M,minor,F,major
His Father'S Chauffeur,Charles Wilcox,articles,5,3,2,0.6666666666666666,0.6,0.06666666666666665,M,minor,M,major
His Father'S Chauffeur,Charles Wilcox,auxiliary_verbs,5,3,2,0.6666666666666666,0.6,0.06666666666666665,M,minor,M,major
His Father'S Chauffeur,Charles Wilcox,impersonal_pronouns,5,2,1,0.5,0.6,-0.09999999999999998,M,minor,M,major
His Father'S Chauffeur,Charles Wilcox,negations,5,3,0,0.0,0.0,0.0,M,minor,M,major
His Father'S Chauffeur,Charles Wilcox,prepositions,5,2,2,1.0,1.0,0.0,M,minor,M,major
Jacky,Leonard,impersonal_pronouns,3,2,2,1.0,1.0,0.0,,,M,major
Jacky,Margaret,auxiliary_verbs,3,2,1,0.5,0.3333333333333333,0.16666666666666669,,,F,major
Jacky,Margaret,personal_pronouns,3,2,2,1.0,0.6666666666666666,0.33333333333333337,,,F,major
Leonard,Helen,adverbs,54,37,25,0.6756756756756757,0.6296296296296297,0.04604604604604601,M,major,F,major
Leonard,Helen,articles,54,18,8,0.4444444444444444,0.46296296296296297,-0.018518518518518545,M,major,F,major
Leonard,Helen,auxiliary_verbs,54,32,13,0.40625,0.5370370370370371,-0.1307870370370371,M,major,F,major
Leonard,Helen,conjunctions,54,32,17,0.53125,0.5370370370370371,-0.0057870370370370905,M,major,F,major
Leonard,Helen,impersonal_pronouns,54,30,16,0.5333333333333333,0.5185185185185185,0.014814814814814836,M,major,F,major
Leonard,Helen,negations,54,21,7,0.3333333333333333,0.24074074074074073,0.09259259259259259,M,major,F,major
Leonard,Helen,personal_pronouns,54,40,29,0.725,0.7222222222222222,0.002777777777777768,M,major,F,major
Leonard,Helen,prepositions,54,31,21,0.6774193548387096,0.6481481481481481,0.02927120669056149,M,major,F,major
Leonard,Helen,quantifiers,54,21,5,0.23809523809523808,0.35185185185185186,-0.11375661375661378,M,major,F,major
Leonard,Henry,adverbs,3,2,1,0.5,0.3333333333333333,0.16666666666666669,M,major,,
Leonard,Henry,auxiliary_verbs,3,3,2,0.6666666666666666,0.6666666666666666,0.0,M,major,,
Leonard,Henry,conjunctions,3,2,0,0.0,0.3333333333333333,-0.3333333333333333,M,major,,
Leonard,Henry,impersonal_pronouns,3,3,0,0.0,0.0,0.0,M,major,,
Leonard,Henry,personal_pronouns,3,3,2,0.6666666666666666,0.6666666666666666,0.0,M,major,,
Leonard,Henry,prepositions,3,3,2,0.6666666666666666,0.6666666666666666,0.0,M,major,,
Leonard,Jacky,auxiliary_verbs,3,2,1,0.5,0.3333333333333333,0.16666666666666669,M,major,,
Leonard,Jacky,personal_pronouns,3,3,2,0.6666666666666666,0.6666666666666666,0.0,M,major,,
Leonard,Margaret,adverbs,36,17,12,0.7058823529411765,0.7222222222222222,-0.016339869281045694,M,major,F,major
Leonard,Margaret,articles,36,12,8,0.6666666666666666,0.5277777777777778,0.13888888888888884,M,major,F,major
Leonard,Margaret,auxiliary_verbs,36,21,15,0.7142857142857143,0.6944444444444444,0.019841269841269882,M,major,F,major
Leonard,Margaret,conjunctions,36,16,11,0.6875,0.6111111111111112,0.07638888888888884,M,major,F,major
Leonard,Margaret,impersonal_pronouns,36,22,13,0.5909090909090909,0.5277777777777778,0.06313131313131315,M,major,F,major
Leonard,Margaret,negations,36,9,2,0.2222222222222222,0.2777777777777778,-0.05555555555555558,M,major,F,major
Leonard,Margaret,personal_pronouns,36,26,20,0.7692307692307693,0.75,0.019230769230769273,M,major,F,major
Leonard,Margaret,prepositions,36,20,13,0.65,0.6111111111111112,0.03888888888888886,M,major,F,major
Leonard,Margaret,quantifiers,36,15,7,0.4666666666666667,0.3611111111111111,0.10555555555555557,M,major,F,major
Leonard,Mr. Cunningham,personal_pronouns,5,2,1,0.5,0.2,0.3,M,major,M,minor
Leonard,Mrs. Bast,adverbs,20,8,1,0.125,0.15,-0.024999999999999994,M,major,F,minor
Leonard,Mrs. Bast,articles,20,7,0,0.0,0.05,-0.05,M,major,F,minor
Leonard,Mrs. Bast,auxiliary_verbs,20,10,6,0.6,0.4,0.19999999999999996,M,major,F,minor
Leonard,Mrs. Bast,conjunctions,20,4,2,0.5,0.25,0.25,M,major,F,minor
Leonard,Mrs. Bast,impersonal_pronouns,20,12,5,0.4166666666666667,0.35,0.06666666666666671,M,major,F,minor
Leonard,Mrs. Bast,negations,20,5,1,0.2,0.1,0.1,M,major,F,minor
Leonard,Mrs. Bast,personal_pronouns,20,13,5,0.38461538461538464,0.5,-0.11538461538461536,M,major,F,minor
Leonard,Mrs. Bast,prepositions,20,10,1,0.1,0.1,0.0,M,major,F,minor
Leonard,Mrs. Bast,quantifiers,20,6,0,0.0,0.15,-0.15,M,major,F,minor
Leonard,The Parlourmaid,adverbs,4,3,0,0.0,0.25,-0.25,M,major,F,minor
Leonard,The Parlourmaid,auxiliary_verbs,4,4,2,0.5,0.5,0.0,M,major,F,minor
Leonard,The Parlourmaid,conjunctions,4,2,0,0.0,0.0,0.0,M,major,F,minor
Leonard,The Parlourmaid,personal_pronouns,4,2,2,1.0,1.0,0.0,M,major,F,minor
Madge,Miss Avery,articles,2,2,0,0.0,0.0,0.0,F,minor,F,intermediate
Madge,Miss Avery,auxiliary_verbs,2,2,0,0.0,0.0,0.0,F,minor,F,intermediate
Madge,Miss Avery,personal_pronouns,2,2,0,0.0,0.0,0.0,F,minor,F,intermediate
Mansbridge,Margaret,auxiliary_verbs,2,2,2,1.0,1.0,0.0,M,minor,F,major
Mansbridge,Margaret,conjunctions,2,2,2,1.0,1.0,0.0,M,minor,F,major
Mansbridge,Margaret,personal_pronouns,2,2,2,1.0,1.0,0.0,M,minor,F,major
Margaret,A Young Man Low Down In The Education Office,adverbs,3,3,0,0.0,0.0,0.0,F,major,M,minor
Margaret,A Young Man Low Down In The Education Office,articles,3,3,1,0.3333333333333333,0.3333333333333333,0.0,F,major,M,minor
Margaret,A Young Man Low Down In The Education Office,auxiliary_verbs,3,3,3,1.0,1.0,0.0,F,major,M,minor
Margaret,A Young Man Low Down In The Education Office,conjunctions,3,3,0,0.0,0.0,0.0,F,major,M,minor
Margaret,A Young Man Low Down In The Education Office,impersonal_pronouns,3,3,3,1.0,1.0,0.0,F,major,M,minor
Margaret,A Young Man Low Down In The Education Office,negations,3,3,1,0.3333333333333333,0.3333333333333333,0.0,F,major,M,minor
Margaret,A Young Man Low Down In The Education Office,personal_pronouns,3,3,1,0.3333333333333333,0.3333333333333333,0.0,F,major,M,minor
Margaret,A Young Man Low Down In The Education Office,prepositions,3,3,2,0.6666666666666666,0.6666666666666666,0.0,F,major,M,minor
Margaret,A Young Man Low Down In The Education Office,quantifiers,3,3,0,0.0,0.0,0.0,F,major,M,minor
Margaret,An Earnest Girl,adverbs,2,2,0,0.0,0.0,0.0,F,major,F,minor
Margaret,An Earnest Girl,articles,2,2,0,0.0,0.0,0.0,F,major,F,minor
Margaret,An Earnest Girl,auxiliary_verbs,2,2,1,0.5,0.5,0.0,F,major,F,minor
Margaret,An Earnest Girl,conjunctions,2,2,2,1.0,1.0,0.0,F,major,F,minor
Margaret,An Earnest Girl,impersonal_pronouns,2,2,1,0.5,0.5,0.0,F,major,F,minor
Margaret,An Earnest Girl,personal_pronouns,2,2,1,0.5,0.5,0.0,F,major,F,minor
Margaret,An Earnest Girl,prepositions,2,2,0,0.0,0.0,0.0,F,major,F,minor
Margaret,An Earnest Girl,quantifiers,2,2,0,0.0,0.0,0.0,F,major,F,minor
Margaret,Aunt Juley,adverbs,52,35,27,0.7714285714285715,0.6346153846153846,0.13681318681318688,F,major,F,major
Margaret,Aunt Juley,articles,52,26,11,0.4230769230769231,0.38461538461538464,0.038461538461538436,F,major,F,major
Margaret,Aunt Juley,auxiliary_verbs,52,40,24,0.6,0.6153846153846154,-0.015384615384615441,F,major,F,major
Margaret,Aunt Juley,conjunctions,52,33,18,0.5454545454545454,0.5576923076923077,-0.012237762237762295,F,major,F,major
Margaret,Aunt Juley,impersonal_pronouns,52,30,17,0.5666666666666667,0.5961538461538461,-0.029487179487179493,F,major,F,major
Margaret,Aunt Juley,negations,52,20,3,0.15,0.23076923076923078,-0.08076923076923079,F,major,F,major
Margaret,Aunt Juley,personal_pronouns,52,42,24,0.5714285714285714,0.5961538461538461,-0.02472527472527475,F,major,F,major
Margaret,Aunt Juley,prepositions,52,36,24,0.6666666666666666,0.6730769230769231,-0.0064102564102564985,F,major,F,major
Margaret,Aunt Juley,quantifiers,52,25,11,0.44,0.4230769230769231,0.01692307692307693,F,major,F,major
Margaret,Charles Wilcox,adverbs,10,4,0,0.0,0.1,-0.1,F,major,M,major
Margaret,Charles Wilcox,auxiliary_verbs,10,5,1,0.2,0.2,0.0,F,major,M,major
Margaret,Charles Wilcox,conjunctions,10,3,0,0.0,0.3,-0.3,F,major,M,major
Margaret,Charles Wilcox,impersonal_pronouns,10,3,1,0.3333333333333333,0.4,-0.06666666666666671,F,major,M,major
Margaret,Charles Wilcox,personal_pronouns,10,7,4,0.5714285714285714,0.7,-0.12857142857142856,F,major,M,major
Margaret,Charles Wilcox,prepositions,10,5,1,0.2,0.3,-0.09999999999999998,F,major,M,major
Margaret,Crane,articles,3,2,1,0.5,0.3333333333333333,0.16666666666666669,F,major,,
Margaret,Crane,impersonal_pronouns,3,2,1,0.5,0.3333333333333333,0.16666666666666669,F,major,,
Margaret,Dolly,adverbs,25,18,10,0.5555555555555556,0.64,-0.08444444444444443,F,major,F,intermediate
Margaret,Dolly,articles,25,12,7,0.5833333333333334,0.56,0.023333333333333317,F,major,F,intermediate
Margaret,Dolly,auxiliary_verbs,25,18,14,0.7777777777777778,0.76,0.01777777777777778,F,major,F,intermediate
Margaret,Dolly,conjunctions,25,12,9,0.75,0.68,0.06999999999999995,F,major,F,intermediate
Margaret,Dolly,impersonal_pronouns,25,13,9,0.6923076923076923,0.64,0.05230769230769228,F,major,F,intermediate
Margaret,Dolly,negations,25,5,2,0.4,0.28,0.12,F,major,F,intermediate
Margaret,Dolly,personal_pronouns,25,17,13,0.7647058823529411,0.8,-0.03529411764705892,F,major,F,intermediate
Margaret,Dolly,prepositions,25,14,8,0.5714285714285714,0.68,-0.10857142857142865,F,major,F,intermediate
Margaret,Dolly,quantifiers,25,6,2,0.3333333333333333,0.44,-0.10666666666666669,F,major,F,intermediate
Margaret,Evie,articles,5,2,0,0.0,0.0,0.0,F,major,F,intermediate
Margaret,Evie,auxiliary_verbs,5,2,1,0.5,0.4,0.09999999999999998,F,major,F,intermediate
Margaret,Evie,conjunctions,5,3,0,0.0,0.0,0.0,F,major,F,intermediate
Margaret,Evie,impersonal_pronouns,5,3,1,0.3333333333333333,0.4,-0.06666666666666671,F,major,F,intermediate
Margaret,Evie,personal_pronouns,5,4,3,0.75,0.8,-0.050000000000000044,F,major,F,intermediate
Margaret,Evie,prepositions,5,3,1,0.3333333333333333,0.4,-0.06666666666666671,F,major,F,intermediate
Margaret,Helen,adverbs,205,117,65,0.5555555555555556,0.5756097560975609,-0.02005420054200535,F,major,F,major
Margaret,Helen,articles,205,80,43,0.5375,0.4926829268292683,0.04481707317073169,F,major,F,major
Margaret,Helen,auxiliary_verbs,205,121,84,0.6942148760330579,0.6585365853658537,0.03567829066720418,F,major,F,major
Margaret,Helen,conjunctions,205,92,59,0.6413043478260869,0.6048780487804878,0.03642629904559913,F,major,F,major
Margaret,Helen,impersonal_pronouns,205,114,74,0.6491228070175439,0.5756097560975609,0.07351305091998295,F,major,F,major
Margaret,Helen,negations,205,46,11,0.2391304347826087,0.33170731707317075,-0.09257688229056205,F,major,F,major
Margaret,Helen,personal_pronouns,205,139,102,0.7338129496402878,0.7317073170731707,0.002105632567117044,F,major,F,major
Margaret,Helen,prepositions,205,114,77,0.6754385964912281,0.6487804878048781,0.02665810868634999,F,major,F,major
Margaret,Helen,quantifiers,205,60,18,0.3,0.35609756097560974,-0.05609756097560975,F,major,F,major
Margaret,Henry,adverbs,272,153,99,0.6470588235294118,0.5735294117647058,0.07352941176470595,F,major,,
Margaret,Henry,articles,272,101,53,0.5247524752475248,0.4522058823529412,0.0725465928945836,F,major,,
Margaret,Henry,auxiliary_verbs,272,165,99,0.6,0.6176470588235294,-0.01764705882352946,F,major,,
Margaret,Henry,conjunctions,272,135,59,0.43703703703703706,0.4117647058823529,0.025272331154684136,F,major,,
Margaret,Henry,impersonal_pronouns,272,137,74,0.5401459854014599,0.4963235294117647,0.04382245598969514,F,major,,
Margaret,Henry,negations,272,86,25,0.29069767441860467,0.25,0.04069767441860467,F,major,,
Margaret,Henry,personal_pronouns,272,203,165,0.812807881773399,0.7867647058823529,0.0260431758910461,F,major,,
Margaret,Henry,prepositions,272,163,116,0.7116564417177914,0.6727941176470589,0.038862324070732535,F,major,,
Margaret,Henry,quantifiers,272,97,38,0.3917525773195876,0.3786764705882353,0.013076106731352344,F,major,,
Margaret,Jacky,personal_pronouns,3,2,2,1.0,0.6666666666666666,0.33333333333333337,F,major,,
Margaret,Leonard,adverbs,33,20,15,0.75,0.6060606060606061,0.14393939393939392,F,major,M,major
Margaret,Leonard,articles,33,16,10,0.625,0.48484848484848486,0.14015151515151514,F,major,M,major
Margaret,Leonard,auxiliary_verbs,33,26,15,0.5769230769230769,0.6060606060606061,-0.029137529137529206,F,major,M,major
Margaret,Leonard,conjunctions,33,17,7,0.4117647058823529,0.48484848484848486,-0.07308377896613194,F,major,M,major
Margaret,Leonard,impersonal_pronouns,33,15,13,0.8666666666666667,0.6666666666666666,0.20000000000000007,F,major,M,major
Margaret,Leonard,negations,33,5,0,0.0,0.2727272727272727,-0.2727272727272727,F,major,M,major
Margaret,Leonard,personal_pronouns,33,27,18,0.6666666666666666,0.6666666666666666,0.0,F,major,M,major
Margaret,Leonard,prepositions,33,19,11,0.5789473684210527,0.6363636363636364,-0.0574162679425837,F,major,M,major
Margaret,Leonard,quantifiers,33,13,9,0.6923076923076923,0.48484848484848486,0.20745920745920743,F,major,M,major
Margaret,Madge,auxiliary_verbs,2,2,2,1.0,1.0,0.0,F,major,F,minor
Margaret,Madge,personal_pronouns,2,2,2,1.0,1.0,0.0,F,major,F,minor
Margaret,Mansbridge,auxiliary_verbs,2,2,2,1.0,1.0,0.0,F,major,M,minor
Margaret,Mansbridge,impersonal_pronouns,2,2,0,0.0,0.0,0.0,F,major,M,minor
Margaret,Mansbridge,negations,2,2,0,0.0,0.0,0.0,F,major,M,minor
Margaret,Mansbridge,personal_pronouns,2,2,2,1.0,1.0,0.0,F,major,M,minor
Margaret,Mansbridge,prepositions,2,2,1,0.5,0.5,0.0,F,major,M,minor
Margaret,Miss Avery,adverbs,21,11,6,0.5454545454545454,0.6190476190476191,-0.07359307359307365,F,major,F,intermediate
Margaret,Miss Avery,articles,21,10,4,0.4,0.5714285714285714,-0.17142857142857137,F,major,F,intermediate
Margaret,Miss Avery,auxiliary_verbs,21,14,11,0.7857142857142857,0.7619047619047619,0.023809523809523836,F,major,F,intermediate
Margaret,Miss Avery,conjunctions,21,10,4,0.4,0.5238095238095238,-0.12380952380952381,F,major,F,intermediate
Margaret,Miss Avery,impersonal_pronouns,21,11,6,0.5454545454545454,0.5238095238095238,0.021645021645021578,F,major,F,intermediate
Margaret,Miss Avery,negations,21,6,2,0.3333333333333333,0.38095238095238093,-0.047619047619047616,F,major,F,intermediate
Margaret,Miss Avery,personal_pronouns,21,18,12,0.6666666666666666,0.6666666666666666,0.0,F,major,F,intermediate
Margaret,Miss Avery,prepositions,21,11,8,0.7272727272727273,0.8571428571428571,-0.1298701298701298,F,major,F,intermediate
Margaret,Miss Avery,quantifiers,21,8,4,0.5,0.6190476190476191,-0.11904761904761907,F,major,F,intermediate
Margaret,Mrs. Wilcox,adverbs,65,47,36,0.7659574468085106,0.7538461538461538,0.012111292962356801,F,major,F,intermediate
Margaret,Mrs. Wilcox,articles,65,27,13,0.48148148148148145,0.4307692307692308,0.05071225071225066,F,major,F,intermediate
Margaret,Mrs. Wilcox,auxiliary_verbs,65,43,33,0.7674418604651163,0.6923076923076923,0.07513416815742402,F,major,F,intermediate
Margaret,Mrs. Wilcox,conjunctions,65,41,23,0.5609756097560976,0.47692307692307695,0.08405253283302067,F,major,F,intermediate
Margaret,Mrs. Wilcox,impersonal_pronouns,65,34,24,0.7058823529411765,0.5846153846153846,0.12126696832579187,F,major,F,intermediate
Margaret,Mrs. Wilcox,negations,65,19,6,0.3157894736842105,0.3384615384615385,-0.02267206477732797,F,major,F,intermediate
Margaret,Mrs. Wilcox,personal_pronouns,65,51,39,0.7647058823529411,0.7846153846153846,-0.01990950226244348,F,major,F,intermediate
Margaret,Mrs. Wilcox,prepositions,65,40,30,0.75,0.6615384615384615,0.08846153846153848,F,major,F,intermediate
Margaret,Mrs. Wilcox,quantifiers,65,29,12,0.41379310344827586,0.3384615384615385,0.07533156498673738,F,major,F,intermediate
Margaret,Tibby,adverbs,28,19,3,0.15789473684210525,0.25,-0.09210526315789475,F,major,M,intermediate
Margaret,Tibby,articles,28,15,4,0.26666666666666666,0.2857142857142857,-0.019047619047619035,F,major,M,intermediate
Margaret,Tibby,auxiliary_verbs,28,19,10,0.5263157894736842,0.5714285714285714,-0.045112781954887216,F,major,M,intermediate
Margaret,Tibby,conjunctions,28,16,6,0.375,0.2857142857142857,0.0892857142857143,F,major,M,intermediate
Margaret,Tibby,impersonal_pronouns,28,11,7,0.6363636363636364,0.32142857142857145,0.3149350649350649,F,major,M,intermediate
Margaret,Tibby,negations,28,13,2,0.15384615384615385,0.17857142857142858,-0.02472527472527472,F,major,M,intermediate
Margaret,Tibby,personal_pronouns,28,19,12,0.631578947368421,0.6785714285714286,-0.046992481203007586,F,major,M,intermediate
Margaret,Tibby,prepositions,28,19,6,0.3157894736842105,0.35714285714285715,-0.04135338345864664,F,major,M,intermediate
Margaret,Tibby,quantifiers,28,8,1,0.125,0.17857142857142858,-0.053571428571428575,F,major,M,intermediate
Margaret,Tom,articles,4,2,2,1.0,0.75,0.25,F,major,,
Margaret,Tom,auxiliary_verbs,4,4,3,0.75,0.75,0.0,F,major,,
Margaret,Tom,conjunctions,4,2,0,0.0,0.0,0.0,F,major,,
Margaret,Tom,impersonal_pronouns,4,2,0,0.0,0.0,0.0,F,major,,
Margaret,Tom,personal_pronouns,4,3,2,0.6666666666666666,0.75,-0.08333333333333337,F,major,,
Margaret,Tom,prepositions,4,2,2,1.0,0.5,0.5,F,major,,
Miss Avery,Madge,impersonal_pronouns,3,2,0,0.0,0.3333333333333333,-0.3333333333333333,F,intermediate,F,minor
Miss Avery,Madge,prepositions,3,3,0,0.0,0.0,0.0,F,intermediate,F,minor
Miss Avery,Margaret,adverbs,22,15,6,0.4,0.45454545454545453,-0.05454545454545451,F,intermediate,F,major
Miss Avery,Margaret,articles,22,13,7,0.5384615384615384,0.4090909090909091,0.12937062937062932,F,intermediate,F,major
Miss Avery,Margaret,auxiliary_verbs,22,15,10,0.6666666666666666,0.6363636363636364,0.030303030303030276,F,intermediate,F,major
Miss Avery,Margaret,conjunctions,22,11,5,0.45454545454545453,0.45454545454545453,0.0,F,intermediate,F,major
Miss Avery,Margaret,impersonal_pronouns,22,11,6,0.5454545454545454,0.5454545454545454,0.0,F,intermediate,F,major
Miss Avery,Margaret,negations,22,8,3,0.375,0.36363636363636365,0.011363636363636354,F,intermediate,F,major
Miss Avery,Margaret,personal_pronouns,22,14,12,0.8571428571428571,0.8181818181818182,0.03896103896103886,F,intermediate,F,major
Miss Avery,Margaret,prepositions,22,18,10,0.5555555555555556,0.5,0.05555555555555558,F,intermediate,F,major
Miss Avery,Margaret,quantifiers,22,12,4,0.3333333333333333,0.4090909090909091,-0.0757575757575758,F,intermediate,F,major
Mr. Cahill,Evie,personal_pronouns,2,2,2,1.0,1.0,0.0,M,minor,F,intermediate
Mr. Cunningham,Leonard,adverbs,6,3,0,0.0,0.16666666666666666,-0.16666666666666666,M,minor,M,major
Mr. Cunningham,Leonard,articles,6,4,0,0.0,0.0,0.0,M,minor,M,major
Mr. Cunningham,Leonard,impersonal_pronouns,6,4,0,0.0,0.16666666666666666,-0.16666666666666666,M,minor,M,major
Mr. Cunningham,Leonard,prepositions,6,3,0,0.0,0.0,0.0,M,minor,M,major
Mr. Cunningham,Leonard,quantifiers,6,2,0,0.0,0.16666666666666666,-0.16666666666666666,M,minor,M,major
Mr. Wilcox,Charles Wilcox,adverbs,9,4,3,0.75,0.4444444444444444,0.3055555555555556,M,major,M,major
Mr. Wilcox,Charles Wilcox,articles,9,5,3,0.6,0.4444444444444444,0.15555555555555556,M,major,M,major
Mr. Wilcox,Charles Wilcox,auxiliary_verbs,9,7,5,0.7142857142857143,0.6666666666666666,0.04761904761904767,M,major,M,major
Mr. Wilcox,Charles Wilcox,conjunctions,9,4,2,0.5,0.3333333333333333,0.16666666666666669,M,major,M,major
Mr. Wilcox,Charles Wilcox,impersonal_pronouns,9,6,4,0.6666666666666666,0.6666666666666666,0.0,M,major,M,major
Mr. Wilcox,Charles Wilcox,negations,9,3,0,0.0,0.2222222222222222,-0.2222222222222222,M,major,M,major
Mr. Wilcox,Charles Wilcox,personal_pronouns,9,8,3,0.375,0.4444444444444444,-0.06944444444444442,M,major,M,major
Mr. Wilcox,Charles Wilcox,prepositions,9,7,5,0.7142857142857143,0.5555555555555556,0.15873015873015872,M,major,M,major
Mr. Wilcox,Charles Wilcox,quantifiers,9,4,1,0.25,0.1111111111111111,0.1388888888888889,M,major,M,major
Mr. Wilcox,Dolly,personal_pronouns,2,2,1,0.5,0.5,0.0,M,major,F,intermediate
Mr. Wilcox,Evie,adverbs,9,4,2,0.5,0.3333333333333333,0.16666666666666669,M,major,F,intermediate
Mr. Wilcox,Evie,articles,9,2,1,0.5,0.4444444444444444,0.05555555555555558,M,major,F,intermediate
Mr. Wilcox,Evie,auxiliary_verbs,9,3,2,0.6666666666666666,0.5555555555555556,0.11111111111111105,M,major,F,intermediate
Mr. Wilcox,Evie,conjunctions,9,3,2,0.6666666666666666,0.4444444444444444,0.2222222222222222,M,major,F,intermediate
Mr. Wilcox,Evie,impersonal_pronouns,9,6,4,0.6666666666666666,0.5555555555555556,0.11111111111111105,M,major,F,intermediate
Mr. Wilcox,Evie,negations,9,4,1,0.25,0.2222222222222222,0.02777777777777779,M,major,F,intermediate
Mr. Wilcox,Evie,personal_pronouns,9,7,3,0.42857142857142855,0.4444444444444444,-0.015873015873015872,M,major,F,intermediate
Mr. Wilcox,Evie,prepositions,9,5,2,0.4,0.2222222222222222,0.1777777777777778,M,major,F,intermediate
Mr. Wilcox,Evie,quantifiers,9,4,1,0.25,0.2222222222222222,0.02777777777777779,M,major,F,intermediate
Mr. Wilcox,Mrs. Wilcox,adverbs,4,4,1,0.25,0.25,0.0,M,major,F,intermediate
Mr. Wilcox,Mrs. Wilcox,articles,4,2,1,0.5,0.5,0.0,M,major,F,intermediate
Mr. Wilcox,Mrs. Wilcox,auxiliary_verbs,4,2,1,0.5,0.5,0.0,M,major,F,intermediate
Mr. Wilcox,Mrs. Wilcox,conjunctions,4,2,1,0.5,0.75,-0.25,M,major,F,intermediate
Mr. Wilcox,Mrs. Wilcox,impersonal_pronouns,4,3,1,0.3333333333333333,0.25,0.08333333333333331,M,major,F,intermediate
Mr. Wilcox,Mrs. Wilcox,personal_pronouns,4,4,3,0.75,0.75,0.0,M,major,F,intermediate
Mr. Wilcox,Mrs. Wilcox,prepositions,4,3,2,0.6666666666666666,0.75,-0.08333333333333337,M,major,F,intermediate
Mrs. Bast,Leonard,adverbs,20,3,2,0.6666666666666666,0.4,0.2666666666666666,F,minor,M,major
Mrs. Bast,Leonard,auxiliary_verbs,20,8,4,0.5,0.5,0.0,F,minor,M,major
Mrs. Bast,Leonard,conjunctions,20,5,1,0.2,0.2,0.0,F,minor,M,major
Mrs. Bast,Leonard,impersonal_pronouns,20,7,4,0.5714285714285714,0.6,-0.02857142857142858,F,minor,M,major
Mrs. Bast,Leonard,negations,20,2,0,0.0,0.25,-0.25,F,minor,M,major
Mrs. Bast,Leonard,personal_pronouns,20,10,8,0.8,0.65,0.15000000000000002,F,minor,M,major
Mrs. Bast,Leonard,prepositions,20,2,1,0.5,0.5,0.0,F,minor,M,major
Mrs. Bast,Leonard,quantifiers,20,3,3,1.0,0.3,0.7,F,minor,M,major
Mrs. Wilcox,Charles Wilcox,auxiliary_verbs,2,2,1,0.5,0.5,0.0,F,intermediate,M,major
Mrs. Wilcox,Charles Wilcox,impersonal_pronouns,2,2,1,0.5,0.5,0.0,F,intermediate,M,major
Mrs. Wilcox,Charles Wilcox,personal_pronouns,2,2,1,0.5,0.5,0.0,F,intermediate,M,major
Mrs. Wilcox,Charles Wilcox,prepositions,2,2,0,0.0,0.0,0.0,F,intermediate,M,major
Mrs. Wilcox,Charles Wilcox,quantifiers,2,2,0,0.0,0.0,0.0,F,intermediate,M,major
Mrs. Wilcox,Evie,personal_pronouns,2,2,1,0.5,0.5,0.0,F,intermediate,F,intermediate
Mrs. Wilcox,Margaret,adverbs,64,50,37,0.74,0.71875,0.02124999999999999,F,intermediate,F,major
Mrs. Wilcox,Margaret,articles,64,28,17,0.6071428571428571,0.40625,0.2008928571428571,F,intermediate,F,major
Mrs. Wilcox,Margaret,auxiliary_verbs,64,44,28,0.6363636363636364,0.65625,-0.019886363636363646,F,intermediate,F,major
Mrs. Wilcox,Margaret,conjunctions,64,30,19,0.6333333333333333,0.609375,0.023958333333333304,F,intermediate,F,major
Mrs. Wilcox,Margaret,impersonal_pronouns,64,37,23,0.6216216216216216,0.546875,0.0747466216216216,F,intermediate,F,major
Mrs. Wilcox,Margaret,negations,64,23,9,0.391304347826087,0.3125,0.07880434782608697,F,intermediate,F,major
Mrs. Wilcox,Margaret,personal_pronouns,64,53,41,0.7735849056603774,0.78125,-0.007665094339622591,F,intermediate,F,major
Mrs. Wilcox,Margaret,prepositions,64,43,27,0.627906976744186,0.609375,0.01853197674418605,F,intermediate,F,major
Mrs. Wilcox,Margaret,quantifiers,64,23,10,0.43478260869565216,0.421875,0.012907608695652162,F,intermediate,F,major
Mrs. Wilcox,Mr. Wilcox,adverbs,4,2,2,1.0,0.75,0.25,F,intermediate,M,major
Mrs. Wilcox,Mr. Wilcox,articles,4,3,1,0.3333333333333333,0.5,-0.16666666666666669,F,intermediate,M,major
Mrs. Wilcox,Mr. Wilcox,auxiliary_verbs,4,2,1,0.5,0.5,0.0,F,intermediate,M,major
Mrs. Wilcox,Mr. Wilcox,conjunctions,4,3,2,0.6666666666666666,0.75,-0.08333333333333337,F,intermediate,M,major
Mrs. Wilcox,Mr. Wilcox,impersonal_pronouns,4,2,2,1.0,0.75,0.25,F,intermediate,M,major
Mrs. Wilcox,Mr. Wilcox,personal_pronouns,4,3,3,1.0,1.0,0.0,F,intermediate,M,major
Mrs. Wilcox,Mr. Wilcox,prepositions,4,3,3,1.0,0.75,0.25,F,intermediate,M,major
Mrs. Wilcox,Mr. Wilcox,quantifiers,4,2,0,0.0,0.0,0.0,F,intermediate,M,major
Paul,Henry,adverbs,3,3,3,1.0,1.0,0.0,M,minor,,
Paul,Henry,conjunctions,3,2,0,0.0,0.3333333333333333,-0.3333333333333333,M,minor,,
Paul,Henry,impersonal_pronouns,3,2,0,0.0,0.0,0.0,M,minor,,
Paul,Henry,personal_pronouns,3,2,2,1.0,1.0,0.0,M,minor,,
Paul,Henry,prepositions,3,2,1,0.5,0.6666666666666666,-0.16666666666666663,M,minor,,
The Parlourmaid,Leonard,articles,4,2,1,0.5,0.5,0.0,F,minor,M,major
The Parlourmaid,Leonard,auxiliary_verbs,4,3,3,1.0,1.0,0.0,F,minor,M,major
The Parlourmaid,Leonard,impersonal_pronouns,4,2,1,0.5,0.5,0.0,F,minor,M,major
The Parlourmaid,Leonard,personal_pronouns,4,4,3,0.75,0.75,0.0,F,minor,M,major
The Parlourmaid,Leonard,prepositions,4,3,0,0.0,0.25,-0.25,F,minor,M,major
The Reader Of The Paper,Margaret,articles,2,2,2,1.0,1.0,0.0,M,minor,F,major
The Reader Of The Paper,Margaret,auxiliary_verbs,2,2,2,1.0,1.0,0.0,M,minor,F,major
The Reader Of The Paper,Margaret,personal_pronouns,2,2,2,1.0,1.0,0.0,M,minor,F,major
Tibby,Aunt Juley,articles,2,2,2,1.0,1.0,0.0,M,intermediate,F,major
Tibby,Aunt Juley,auxiliary_verbs,2,2,1,0.5,0.5,0.0,M,intermediate,F,major
Tibby,Aunt Juley,personal_pronouns,2,2,2,1.0,1.0,0.0,M,intermediate,F,major
Tibby,Charles Wilcox,adverbs,5,2,2,1.0,0.8,0.19999999999999996,M,intermediate,M,major
Tibby,Charles Wilcox,impersonal_pronouns,5,2,1,0.5,0.4,0.09999999999999998,M,intermediate,M,major
Tibby,Charles Wilcox,personal_pronouns,5,4,4,1.0,1.0,0.0,M,intermediate,M,major
Tibby,Charles Wilcox,prepositions,5,3,2,0.6666666666666666,0.6,0.06666666666666665,M,intermediate,M,major
Tibby,Charles Wilcox,quantifiers,5,2,1,0.5,0.6,-0.09999999999999998,M,intermediate,M,major
Tibby,Helen,adverbs,19,7,7,1.0,0.8947368421052632,0.10526315789473684,M,intermediate,F,major
Tibby,Helen,articles,19,13,11,0.8461538461538461,0.8421052631578947,0.004048582995951455,M,intermediate,F,major
Tibby,Helen,auxiliary_verbs,19,13,11,0.8461538461538461,0.8947368421052632,-0.04858299595141702,M,intermediate,F,major
Tibby,Helen,conjunctions,19,3,3,1.0,0.9473684210526315,0.052631578947368474,M,intermediate,F,major
Tibby,Helen,impersonal_pronouns,19,9,7,0.7777777777777778,0.8421052631578947,-0.0643274853801169,M,intermediate,F,major
Tibby,Helen,negations,19,2,1,0.5,0.7368421052631579,-0.23684210526315785,M,intermediate,F,major
Tibby,Helen,personal_pronouns,19,13,13,1.0,0.9473684210526315,0.052631578947368474,M,intermediate,F,major
Tibby,Helen,prepositions,19,6,6,1.0,0.8947368421052632,0.10526315789473684,M,intermediate,F,major
Tibby,Helen,quantifiers,19,3,3,1.0,0.7894736842105263,0.21052631578947367,M,intermediate,F,major
Tibby,Henry,articles,2,2,0,0.0,0.0,0.0,M,intermediate,,
Tibby,Henry,auxiliary_verbs,2,2,2,1.0,1.0,0.0,M,intermediate,,
Tibby,Henry,negations,2,2,1,0.5,0.5,0.0,M,intermediate,,
Tibby,Henry,personal_pronouns,2,2,2,1.0,1.0,0.0,M,intermediate,,
Tibby,Henry,quantifiers,2,2,0,0.0,0.0,0.0,M,intermediate,,
Tibby,Margaret,adverbs,28,7,3,0.42857142857142855,0.6071428571428571,-0.17857142857142855,M,intermediate,F,major
Tibby,Margaret,articles,28,5,4,0.8,0.5357142857142857,0.26428571428571435,M,intermediate,F,major
Tibby,Margaret,auxiliary_verbs,28,14,10,0.7142857142857143,0.6785714285714286,0.0357142857142857,M,intermediate,F,major
Tibby,Margaret,conjunctions,28,8,5,0.625,0.5714285714285714,0.0535714285714286,M,intermediate,F,major
Tibby,Margaret,impersonal_pronouns,28,13,6,0.46153846153846156,0.42857142857142855,0.032967032967033016,M,intermediate,F,major
Tibby,Margaret,negations,28,6,2,0.3333333333333333,0.39285714285714285,-0.059523809523809534,M,intermediate,F,major
Tibby,Margaret,personal_pronouns,28,19,13,0.6842105263157895,0.7142857142857143,-0.03007518796992481,M,intermediate,F,major
Tibby,Margaret,prepositions,28,10,6,0.6,0.6071428571428571,-0.0071428571428571175,M,intermediate,F,major
Tibby,Margaret,quantifiers,28,4,1,0.25,0.35714285714285715,-0.10714285714285715,M,intermediate,F,major
Tom,Margaret,articles,4,3,2,0.6666666666666666,0.75,-0.08333333333333337,,,F,major
Tom,Margaret,auxiliary_verbs,4,3,3,1.0,0.75,0.25,,,F,major
Tom,Margaret,personal_pronouns,4,3,2,0.6666666666666666,0.75,-0.08333333333333337,,,F,major
Tom,Margaret,prepositions,4,2,2,1.0,0.75,0.25,,,F,major
