A,B,i_text,j_text,article_i_count,article_j_count,article_i_present,article_j_present,auxverb_i_count,auxverb_j_count,auxverb_i_present,auxverb_j_present,conj_i_count,conj_j_count,conj_i_present,conj_j_present,adverb_i_count,adverb_j_count,adverb_i_present,adverb_j_present,ipron_i_count,ipron_j_count,ipron_i_present,ipron_j_present,negate_i_count,negate_j_count,negate_i_present,negate_j_present,ppron_i_count,ppron_j_count,ppron_i_present,ppron_j_present,prep_i_count,prep_j_count,prep_i_present,prep_j_present,quant_i_count,quant_j_count,quant_i_present,quant_j_present,i_tokens,j_tokens,i_merge_id,j_merge_id,i_addressees,A_gender,A_category,B_gender,B_category
Mrs. Morland,Catherine Morland,i beg catherine you will always wrap yourself up very warm about the throat when you come from the rooms at night and i wish you would try to keep some account of the money you spend i will give you this little book on purpose,how uncomfortable it is not to have a single acquaintance here,3,1,1,1,3,1,1,1,2,1,1,1,2,1,1,1,1,1,1,1,0,1,0,1,9,1,1,1,6,0,1,0,0,0,0,0,46,11,0,2,Catherine Morland,F,minor,F,major
Mrs. Allen,Catherine Morland,i don t upon my word i wish i did i wish i had a large acquaintance here with all my heart and then i should get you a partner i should be so glad to have you dance there goes a strange looking woman what an odd gown she has got on how old fashioned it is look at the back,very agreeable indeed,5,0,1,0,6,0,1,0,3,0,1,0,3,2,1,1,2,0,1,0,0,0,0,0,13,0,1,0,3,0,1,0,0,0,0,0,62,3,11,13,Catherine Morland,F,intermediate,F,major
Mr. Allen,Mrs. Allen,well miss morland i hope you have had an agreeable ball,i wish she had been able to dance i wish we could have got a partner for her i have been saying how glad i should be if the skinners were here this winter instead of last or if the parrys had come as they talked of once she might have danced with george parry i am so sorry she has not had a partner,1,4,1,1,1,14,1,1,0,6,0,1,0,3,0,1,0,5,0,1,0,1,0,1,2,11,1,1,0,4,0,1,0,0,0,0,11,65,12,14,Catherine Morland; Mrs. Allen,M,minor,F,intermediate
Catherine Morland,Mr. Allen,very agreeable indeed,we shall do better another evening i hope,0,0,0,0,0,1,0,1,0,0,0,0,2,1,1,1,0,0,0,0,0,0,0,0,0,2,0,1,0,0,0,0,0,0,0,0,3,8,13,15,Mr. Allen; Mrs. Allen,F,major,M,minor
Mr. Allen,Catherine Morland,we shall do better another evening i hope,you need not give yourself that trouble sir,0,0,0,0,1,1,1,1,0,1,0,1,1,0,1,0,0,0,0,0,0,1,0,1,2,2,1,1,0,0,0,0,0,0,0,0,8,8,15,17,Catherine Morland; Mrs. Allen,M,minor,F,major
Mrs. Allen,Catherine Morland,and pray sir what do you think of miss morland s gown,how can you be so,0,0,0,0,1,2,1,1,1,1,1,1,0,1,0,1,0,0,0,0,0,0,0,0,1,1,1,1,1,0,1,0,0,0,0,0,12,5,53,55,Catherine Morland; Henry Tilney,F,intermediate,F,major
Henry Tilney,Mrs. Allen,it is very pretty madam but i do not think it will wash well i am afraid it will fray,i am quite of your opinion sir and so i told miss morland when she bought it,0,0,0,0,5,1,1,1,1,2,1,1,2,2,1,1,3,2,1,1,1,0,1,0,5,5,1,1,0,1,0,1,0,0,0,0,20,17,54,56,Catherine Morland; Mrs. Allen,M,major,F,intermediate
Catherine Morland,Henry Tilney,how can you be so,but then you know madam muslin always turns to some account or other miss morland will get enough out of it for a handkerchief or a cap or a cloak muslin can never be said to be wasted i have heard my sister say so forty times when she has been extravagant in buying more than she wanted or careless in cutting it to pieces,0,3,0,1,2,7,1,1,1,7,1,1,1,4,1,1,0,4,0,1,0,1,0,1,1,7,1,1,0,7,0,1,0,0,0,0,5,65,55,57,Henry Tilney; Mrs. Allen,F,major,M,major
Mrs. Allen,Catherine Morland,bath is a charming place sir there are so many good shops here we are sadly off in the country not but what we have very good shops in salisbury but it is so far to go eight miles is a long way mr allen says it is nine measured nine but i am sure it cannot be more than eight and it is such a fag i come back tired to death now here one can step out of doors and get a thing in five minutes,i was not thinking of anything,5,0,1,0,10,1,1,1,5,0,1,0,10,0,1,0,4,1,1,1,2,1,1,1,9,1,1,1,7,1,1,1,0,1,0,1,89,6,58,60,Catherine Morland; Henry Tilney,F,intermediate,F,major
Isabella Thorpe,Mrs. Allen,how excessively like her brother miss morland is,how glad i am we have met with mrs thorpe,0,0,0,0,1,2,1,1,2,1,1,1,1,0,1,0,1,0,1,0,0,0,0,0,1,2,1,1,0,1,0,1,0,0,0,0,8,10,66,68,Catherine Morland; Mrs. Allen; Mrs. Thorpe,F,major,F,intermediate
Mrs. Thorpe,Isabella Thorpe,the very picture of him indeed i should have known her anywhere for his sister,my dearest creature what can have made you so late i have been waiting for you at least this age,1,0,1,0,2,4,1,1,0,0,0,0,2,2,1,1,3,1,1,1,0,0,0,0,4,4,1,1,2,2,1,1,0,0,0,0,15,20,67,69,Catherine Morland; Isabella Thorpe; Mrs. Allen,F,minor,F,major
Mrs. Allen,Catherine Morland,how glad i am we have met with mrs thorpe,have you indeed i am very sorry for it but really i thought i was in very good time it is but just one i hope you have not been here long,0,0,0,0,2,5,1,1,1,2,1,1,0,7,0,1,0,2,0,1,0,1,0,1,2,8,1,1,1,2,1,1,0,0,0,0,10,32,68,70,Catherine Morland,F,intermediate,F,major
Catherine Morland,John Thorpe,i do not know the distance,five and twenty if it is an inch,1,1,1,1,1,1,1,1,0,2,0,1,0,0,0,0,0,1,0,1,1,0,1,0,1,1,1,1,0,0,0,0,0,0,0,0,6,8,108,110,Isabella Thorpe; James Morland; John Thorpe,F,major,M,intermediate
James Morland,Catherine Morland,you have lost an hour it was only ten o clock when we came from tetbury,he does look very hot to be sure,1,0,1,0,2,2,1,1,1,0,1,0,1,1,1,1,1,1,1,1,0,0,0,0,3,1,1,1,1,0,1,0,0,0,0,0,16,8,112,114,Catherine Morland; Isabella Thorpe; John Thorpe,M,minor,F,major
Catherine Morland,John Thorpe,that was very good natured of you,you will find however miss morland it would be reckoned a cheap thing by some people for i might have sold it for ten guineas more the next day jackson of oriel bid me sixty at once morland was with me at the time,0,3,0,1,1,6,1,1,0,0,0,0,1,3,1,1,1,2,1,1,0,0,0,0,1,6,1,1,1,7,1,1,0,0,0,0,7,44,120,122,Isabella Thorpe; James Morland; John Thorpe,F,major,M,intermediate
John Thorpe,James Morland,oh d it when one has the means of doing a kind thing by a friend i hate to be pitiful,yes but you forget that your horse was included,3,0,1,0,1,1,1,1,1,2,1,1,0,0,0,0,1,0,1,0,0,0,0,0,3,2,1,1,2,0,1,0,0,0,0,0,21,9,121,123,Catherine Morland; Isabella Thorpe; James Morland,M,intermediate,M,minor
James Morland,Catherine Morland,yes but you forget that your horse was included,yes very i have hardly ever an opportunity of being in one but i am particularly fond of it,0,1,0,1,1,2,1,1,2,1,1,1,0,4,0,1,0,1,0,1,0,0,0,0,2,3,1,1,0,3,0,1,0,0,0,0,9,19,123,125,Catherine Morland; Isabella Thorpe; John Thorpe,M,minor,F,major
Catherine Morland,Isabella Thorpe,shall you indeed that will be forty miles a day,how delightful that will be my dearest catherine i quite envy you but i am afraid brother you will not have room for a third,1,1,1,1,3,4,1,1,0,2,0,1,1,2,1,1,1,1,1,1,0,1,0,1,1,5,1,1,0,1,0,1,0,0,0,0,10,25,131,133,Isabella Thorpe; James Morland; John Thorpe,F,major,F,major
Isabella Thorpe,Catherine Morland,how delightful that will be my dearest catherine i quite envy you but i am afraid brother you will not have room for a third,have you ever read udolpho mr thorpe,1,0,1,0,4,1,1,1,2,0,1,0,2,1,1,1,1,0,1,0,1,0,1,0,5,1,1,1,1,0,1,0,0,0,0,0,25,7,133,135,Catherine Morland; James Morland; John Thorpe,F,major,F,major
Catherine Morland,John Thorpe,i have never read it,ah mother how do you do where did you get that quiz of a hat it makes you look like an old witch here is morland and i come to stay a few days with you so you must look out for a couple of good beds somewhere near,0,4,0,1,1,4,1,1,0,4,0,1,1,3,1,1,1,2,1,1,1,0,1,0,2,7,1,1,0,6,0,1,0,0,0,0,5,49,143,145,John Thorpe,F,major,M,intermediate
John Thorpe,Catherine Morland,ah mother how do you do where did you get that quiz of a hat it makes you look like an old witch here is morland and i come to stay a few days with you so you must look out for a couple of good beds somewhere near,i like him very much he seems very agreeable,4,0,1,0,4,0,1,0,4,0,1,0,3,3,1,1,2,2,1,1,0,0,0,0,7,3,1,1,6,0,1,0,0,0,0,0,49,9,145,147,Catherine Morland; Isabella Thorpe; James Morland; Mrs. Thorpe,M,intermediate,F,major
Isabella Thorpe,Catherine Morland,i assure you i would not stand up without your dear sister for all the world for if i did we should certainly be separated the whole evening,i am very happy to see you again sir indeed i was afraid you had left bath,2,0,1,0,4,3,1,1,2,0,1,0,1,3,1,1,0,0,0,0,1,0,1,0,6,4,1,1,3,0,1,0,0,0,0,0,28,17,157,159,Catherine Morland; James Morland,F,major,F,major
Catherine Morland,Henry Tilney,i am very happy to see you again sir indeed i was afraid you had left bath,and i hope madam that mr allen will be obliged to like the place from finding it of service to him,0,1,0,1,3,2,1,1,0,2,0,1,3,0,1,0,0,2,0,1,0,0,0,0,4,3,1,1,0,3,0,1,0,0,0,0,17,21,159,161,Henry Tilney; Mrs. Allen,F,major,M,major
Mrs. Hughes,Catherine Morland,i beg your pardon miss morland for this liberty but i cannot anyhow get to miss thorpe and mrs thorpe said she was sure you would not have the least objection to letting in this young lady by you,my dear isabella how was it possible for me to get at you i could not even see where you were,1,0,1,0,3,3,1,1,2,3,1,1,1,1,1,1,3,1,1,1,2,1,1,1,6,6,1,1,4,1,1,1,0,0,0,0,40,21,165,167,Catherine Morland; Eleanor Tilney,F,minor,F,major
James Morland,Catherine Morland,upon my honour in these public assemblies it is as often done as not,no not at all but if you think it wrong you had much better change,0,0,0,0,1,0,1,0,1,2,1,1,2,3,1,1,2,1,1,1,1,1,1,1,2,3,1,1,2,0,1,0,0,0,0,0,14,15,175,177,Catherine Morland; Isabella Thorpe,M,minor,F,major
Isabella Thorpe,Catherine Morland,there you hear what your sister says and yet you will not mind her well remember that it is not my fault if we set all the old ladies in bath in a bustle come along my dearest catherine for heaven s sake and stand by me,very agreeable madam,2,0,1,0,2,0,1,0,4,0,1,0,2,1,1,1,2,0,1,0,2,0,1,0,9,0,1,0,5,0,1,0,0,0,0,0,47,3,178,180,Catherine Morland; James Morland,F,major,F,major
Catherine Morland,Mrs. Allen,very agreeable madam,did you meet mr tilney my dear,0,0,0,0,0,1,0,1,0,0,0,0,1,0,1,0,0,0,0,0,0,0,0,0,0,2,0,1,0,0,0,0,0,0,0,0,3,7,180,182,Mrs. Allen; Mrs. Thorpe,F,major,F,intermediate
Mrs. Thorpe,Catherine Morland,i am glad of it john has charming spirits has not he,no where is he,0,0,0,0,1,1,1,1,0,1,0,1,0,0,0,0,2,1,1,1,1,0,1,0,3,1,1,1,1,0,1,0,0,0,0,0,12,4,181,183,Catherine Morland; Mrs. Allen,F,minor,F,major
Catherine Morland,Mrs. Thorpe,where can he be,indeed he is mrs allen i must say it though i am his mother that there is not a more agreeable young man in the world,0,2,0,1,2,3,1,1,1,2,1,1,0,2,0,1,1,3,1,1,0,1,0,1,1,5,1,1,0,1,0,1,0,0,0,0,4,26,185,187,Mrs. Allen; Mrs. Thorpe,F,major,F,minor
Mrs. Allen,Catherine Morland,i dare say she thought i was speaking of her son,oh no i am much obliged to you our two dances are over and besides i am tired and do not mean to dance any more,0,0,0,0,1,4,1,1,0,2,0,1,0,4,0,1,2,0,1,0,0,1,0,1,4,4,1,1,1,1,1,1,0,0,0,0,11,26,188,190,Catherine Morland,F,intermediate,F,major
Isabella Thorpe,Catherine Morland,dearest catherine,what do you mean where are you all going to,0,0,0,0,0,2,0,1,0,1,0,1,0,0,0,0,0,0,0,0,0,0,0,0,0,2,0,1,0,0,0,0,0,0,0,0,2,10,192,194,Catherine Morland,F,major,F,major
John Thorpe,Mrs. Allen,not expect me that s a good one and what a dust you would have made if i had not come,do just as you please my dear,2,0,1,0,3,0,1,0,2,1,1,1,0,1,0,1,1,0,1,0,2,0,1,0,3,2,1,1,0,0,0,0,0,0,0,0,21,7,197,199,Catherine Morland; Mrs. Allen,M,intermediate,F,intermediate
Isabella Thorpe,John Thorpe,my dearest creature you have been at least three hours getting ready i was afraid you were ill what a delightful ball we had last night i have a thousand things to say to you but make haste and get in for i long to be off,you will not be frightened miss morland if my horse should dance about a little at first setting off he will most likely give a plunge or two and perhaps take the rest for a minute but he will soon know his master he is full of spirits playful as can be but there is no vice in him old allen is as rich as a jew is not he old allen the man you are with,2,6,1,1,5,11,1,1,3,6,1,1,3,6,1,1,0,6,0,1,0,2,0,1,8,9,1,1,2,8,1,1,0,0,0,0,47,77,200,202,Catherine Morland; James Morland; John Thorpe,F,major,M,intermediate
Isabella Thorpe,Catherine Morland,past three o clock,yes ma am i thank you we could not have had a nicer day,0,1,0,1,0,3,0,1,0,0,0,0,0,0,0,0,0,0,0,0,0,1,0,1,0,3,0,1,1,0,1,0,0,0,0,0,4,14,221,223,Catherine Morland; James Morland; John Thorpe,F,major,F,major
Mrs. Allen,Catherine Morland,i cannot be quite positive about that my dear i have some idea he is but however he is a very fine young man mrs hughes says and likely to do very well,no he is not here i cannot see him anywhere,1,0,1,0,5,2,1,1,3,0,1,0,5,2,1,1,2,2,1,1,1,2,1,1,5,3,1,1,1,0,1,0,0,0,0,0,34,11,238,240,Catherine Morland,F,intermediate,F,major
Isabella Thorpe,Catherine Morland,oh yes you would indeed i know you better than you know yourself you would have told us that we seemed born for each other or some nonsense of that kind which would have distressed me beyond conception my cheeks would have been as red as your roses i would not have had you by for the world,how well your brother dances,1,0,1,0,10,0,1,0,3,1,1,1,3,1,1,1,1,0,1,0,1,0,1,0,13,1,1,1,6,0,1,0,0,0,0,0,58,5,243,245,Catherine Morland; James Morland,F,major,F,major
Isabella Thorpe,Catherine Morland,do not be frightened my dear catherine but i am really going to dance with your brother again i declare positively it is quite shocking i tell him he ought to be ashamed of himself but you and john must keep us in countenance make haste my dear creature and come to us john is just walked off but he will be back in a moment,i wonder you should think so for you never asked me,1,0,1,0,10,1,1,1,5,0,1,0,6,2,1,1,5,0,1,0,1,1,1,1,14,4,1,1,6,1,1,1,0,0,0,0,66,11,258,260,Catherine Morland,F,major,F,major
Catherine Morland,Henry Tilney,oh no they will never think of me after such a description as that,that gentleman would have put me out of patience had he stayed with you half a minute longer he has no business to withdraw the attention of my partner from me we have entered into a contract of mutual agreeableness for the space of an evening and all our agreeableness belongs solely to each other for that time nobody can fasten themselves on the notice of one without injuring the rights of the other i consider a country dance as an emblem of marriage fidelity and complaisance are the principal duties of both and those men who do not choose to dance or marry themselves have no business with the partners or wives of their neighbours,1,12,1,1,1,7,1,1,0,5,0,1,1,2,1,1,1,6,1,1,1,1,1,1,2,12,1,1,3,20,1,1,0,1,0,1,14,116,262,264,Henry Tilney; John Thorpe,F,major,M,major
John Thorpe,Catherine Morland,by heavens if they do not i will kick them out of the room for blockheads what chap have you there tilney hum i do not know him a good figure of a man well put together does he want a horse here is a friend of mine sam fletcher has got one to sell that would suit anybody a famous clever animal for the road only forty guineas i had fifty minds to buy it myself for it is one of my maxims always to buy a good horse when i meet with one but it would not answer my purpose it would not do for the field i would give any money for a real good hunter i have three now the best that ever were backed i would not take eight hundred guineas for them fletcher and i mean to get a house in leicestershire against the next season it is so d uncomfortable living at an inn,but they are such very different things,14,0,1,0,13,1,1,1,4,1,1,1,10,1,1,1,10,0,1,0,5,0,1,0,23,1,1,1,16,0,1,0,1,0,1,0,161,7,263,265,Catherine Morland; Henry Tilney,M,intermediate,F,major
Henry Tilney,Catherine Morland,not those who bring such fresh feelings of every sort to it as you do but papas and mammas and brothers and intimate friends are a good deal gone by to most of the frequenters of bath and the honest relish of balls and plays and everyday sights is past with them i see that you guess what i have just been asked that gentleman knows your name and you have a right to know his it is general tilney my father,how handsome a family they are,4,1,1,1,5,1,1,1,11,1,1,1,2,0,1,0,4,0,1,0,1,0,1,0,11,1,1,1,7,0,1,0,0,0,0,0,82,6,292,294,Catherine Morland,M,major,F,major
Isabella Thorpe,John Thorpe,my sweetest catherine is not this delightful we shall have a most heavenly drive you are to thank your brother and me for the scheme it darted into our heads at breakfast time i verily believe at the same instant and we should have been off two hours ago if it had not been for this detestable rain but it does not signify the nights are moonlight and we shall do delightfully oh i am in such ecstasies at the thoughts of a little country air and quiet so much better than going to the lower rooms we shall drive directly to clifton and dine there and as soon as dinner is over if there is time for it go on to kingsweston,you croaking fellow we shall be able to do ten times more kingsweston aye and blaize castle too and anything else we can hear of but here is your sister says she will not go,7,0,1,0,14,5,1,1,11,3,1,1,12,3,1,1,6,2,1,1,3,1,1,1,15,5,1,1,13,1,1,1,0,1,0,1,123,35,314,316,Catherine Morland; James Morland; John Thorpe; Mrs. Allen,F,major,M,intermediate
James Morland,Catherine Morland,i doubt our being able to do so much,blaize castle what is that,0,0,0,0,1,1,1,1,0,0,0,0,1,0,1,0,0,1,0,1,0,0,0,0,2,0,1,0,0,0,0,0,0,0,0,0,9,5,315,317,Catherine Morland; Isabella Thorpe; John Thorpe; Mrs. Allen,M,minor,F,major
John Thorpe,Isabella Thorpe,by dozens,not go my beloved creature what do you mean,0,0,0,0,0,1,0,1,0,0,0,0,0,0,0,0,0,0,0,0,0,1,0,1,0,2,0,1,1,0,1,0,0,0,0,0,2,9,324,326,Catherine Morland; Isabella Thorpe; James Morland; Mrs. Allen,M,intermediate,F,major
Isabella Thorpe,John Thorpe,not go my beloved creature what do you mean,not they indeed for as we turned into broad street i saw them does he not drive a phaeton with bright chestnuts,0,1,0,1,1,1,1,1,0,1,0,1,0,1,0,1,0,1,0,1,1,2,1,1,2,5,1,1,0,3,0,1,0,0,0,0,9,22,326,328,Catherine Morland; James Morland; John Thorpe; Mrs. Allen,F,major,M,intermediate
Catherine Morland,Isabella Thorpe,it is very odd but i suppose they thought it would be too dirty for a walk,my dearest catherine you cannot form an idea of the dirt come you must go you cannot refuse going now,1,2,1,1,3,3,1,1,1,0,1,0,2,1,1,1,2,0,1,0,0,2,0,1,4,4,1,1,1,1,1,1,0,0,0,0,17,22,335,337,Isabella Thorpe; James Morland; John Thorpe; Mrs. Allen,F,major,F,major
John Thorpe,Catherine Morland,and well they might for i never saw so much dirt in my life walk you could no more walk than you could fly it has not been so dirty the whole winter it is ankle deep everywhere,i should like to see the castle but may we go all over it may we go up every staircase and into every suite of rooms,1,1,1,1,6,3,1,1,2,2,1,1,7,2,1,1,2,1,1,1,3,0,1,0,7,4,1,1,2,3,1,1,0,0,0,0,38,26,336,338,Catherine Morland; Isabella Thorpe; James Morland; Mrs. Allen,M,intermediate,F,major
Isabella Thorpe,John Thorpe,yes yes every hole and corner,make yourself easy there is no danger of that for i heard tilney hallooing to a man who was just passing by on horseback that they were going as far as wick rocks,0,1,0,1,0,2,0,1,1,2,1,1,0,4,0,1,0,1,0,1,0,0,0,0,0,3,0,1,0,4,0,1,0,0,0,0,6,33,339,341,Catherine Morland; James Morland; John Thorpe; Mrs. Allen,F,major,M,intermediate
John Thorpe,Mrs. Allen,make yourself easy there is no danger of that for i heard tilney hallooing to a man who was just passing by on horseback that they were going as far as wick rocks,just as you please my dear well my dear suppose you go,1,0,1,0,2,0,1,0,2,1,1,1,4,1,1,1,1,0,1,0,0,0,0,0,3,4,1,1,4,0,1,0,0,0,0,0,33,12,341,343,Catherine Morland; Isabella Thorpe; James Morland; Mrs. Allen,M,intermediate,F,intermediate
Catherine Morland,John Thorpe,then i will shall i go mrs allen,who is that girl who looked at you so hard as she went by,0,0,0,0,2,1,1,1,0,1,0,1,1,2,1,1,0,2,0,1,0,0,0,0,2,2,1,1,0,2,0,1,0,0,0,0,8,14,342,344,Isabella Thorpe; James Morland; John Thorpe; Mrs. Allen,F,major,M,intermediate
Mrs. Allen,Catherine Morland,just as you please my dear well my dear suppose you go,who where,0,0,0,0,0,0,0,0,1,1,1,1,1,0,1,0,0,0,0,0,0,0,0,0,4,0,1,0,0,0,0,0,0,0,0,0,12,2,343,345,Catherine Morland; Isabella Thorpe; James Morland; John Thorpe,F,intermediate,F,major
Catherine Morland,John Thorpe,stop stop mr thorpe it is miss tilney it is indeed how could you tell me they were gone stop stop i will get out this moment and go to them pray pray stop mr thorpe i cannot go on i will not go on i must go back to miss tilney how could you deceive me so mr thorpe how could you say that you saw them driving up the lansdown road i would not have had it happen so for the world they must think it so strange so rude of me to go by them too without saying a word you do not know how vexed i am i shall have no pleasure at clifton nor in anything else i had rather ten thousand times rather get out now and walk back to them how could you say you saw them driving out in a phaeton,it is all one to me,4,0,1,0,17,1,1,1,10,0,1,0,11,0,1,0,6,1,1,1,4,0,1,0,29,2,1,1,15,1,1,1,1,0,1,0,150,6,347,349,John Thorpe,F,major,M,intermediate
James Morland,John Thorpe,we had better go back thorpe it is too late to go on today your sister thinks so as well as i we have been exactly an hour coming from pulteney street very little more than seven miles and i suppose we have at least eight more to go it will never do we set out a great deal too late we had much better put it off till another day and turn round,if your brother had not got such a d beast to drive we might have done it very well my horse would have trotted to clifton within the hour if left to himself and i have almost broke my arm with pulling him in to that cursed broken winded jade s pace morland is a fool for not keeping a horse and gig of his own,2,4,1,1,7,7,1,1,4,4,1,1,17,3,1,1,3,5,1,1,1,2,1,1,11,9,1,1,5,7,1,1,0,0,0,0,74,66,348,350,Catherine Morland; Isabella Thorpe; John Thorpe,M,minor,M,intermediate
John Thorpe,Catherine Morland,it is all one to me,no he is not for i am sure he could not afford it,0,0,0,0,1,3,1,1,0,1,0,1,0,0,0,0,1,3,1,1,0,2,0,1,2,4,1,1,1,0,1,0,0,0,0,0,6,13,349,351,Catherine Morland; Isabella Thorpe; James Morland,M,intermediate,F,major
Isabella Thorpe,Catherine Morland,how i pity the poor creatures that are going there how glad i am that i am not amongst them i wonder whether it will be a full ball or not they have not begun dancing yet i would not be there for all the world it is so delightful to have an evening now and then to oneself i dare say it will not be a very good ball i know the mitchells will not be there i am sure i pity everybody that is but i dare say mr morland you long to be at it do not you i am sure you do well pray do not let anybody here be a restraint on you i dare say we could do very well without you but you men think yourselves of such consequence,mrs allen will there be any harm in my calling on miss tilney today i shall not be easy till i have explained everything,7,0,1,0,22,5,1,1,9,1,1,1,11,0,1,0,8,1,1,1,8,1,1,1,26,3,1,1,7,2,1,1,2,1,1,1,136,24,357,359,Catherine Morland; James Morland; John Thorpe,F,major,F,major
Mrs. Allen,Catherine Morland,go by all means my dear only put on a white gown miss tilney always wears white,oh mr tilney i have been quite wild to speak to you and make my apologies you must have thought me so rude but indeed it was not my own fault was it mrs allen did not they tell me that mr tilney and his sister were gone out in a phaeton together and then what could i do but i had ten thousand times rather have been with you now had not i mrs allen,1,1,1,1,0,13,0,1,0,6,0,1,2,7,1,1,0,3,0,1,0,3,0,1,1,15,1,1,2,4,1,1,0,0,0,0,17,76,360,362,Catherine Morland,F,intermediate,F,major
Catherine Morland,Henry Tilney,oh mr tilney i have been quite wild to speak to you and make my apologies you must have thought me so rude but indeed it was not my own fault was it mrs allen did not they tell me that mr tilney and his sister were gone out in a phaeton together and then what could i do but i had ten thousand times rather have been with you now had not i mrs allen,we were much obliged to you at any rate for wishing us a pleasant walk after our passing you in argyle street you were so kind as to look back on purpose,1,1,1,1,13,2,1,1,6,1,1,1,7,3,1,1,3,0,1,0,3,0,1,0,15,6,1,1,4,6,1,1,0,0,0,0,76,32,362,364,Henry Tilney; Mrs. Allen,F,major,M,major
Mrs. Allen,Catherine Morland,my dear you tumble my gown,but indeed i did not wish you a pleasant walk i never thought of such a thing but i begged mr thorpe so earnestly to stop i called out to him as soon as ever i saw you now mrs allen did not oh you were not there but indeed i did and if mr thorpe would only have stopped i would have jumped out and run after you oh do not say miss tilney was not angry because i know she was for she would not see me this morning when i called i saw her walk out of the house the next minute after my leaving it i was hurt but i was not affronted perhaps you did not know i had been there,0,4,0,1,0,15,0,1,0,10,0,1,0,13,0,1,0,6,0,1,0,8,0,1,3,25,1,1,0,9,0,1,0,0,0,0,6,126,363,365,Catherine Morland; Henry Tilney,F,intermediate,F,major
Henry Tilney,Catherine Morland,i angry i could have no right,how came mr thorpe to know your father,0,0,0,0,1,0,1,0,0,1,0,1,0,0,0,0,0,0,0,0,0,0,0,0,2,1,1,1,0,0,0,0,0,0,0,0,7,8,370,372,Catherine Morland; Mrs. Allen,M,major,F,major
Catherine Morland,James Morland,no it would not be easy i could not do it there has been no prior engagement,nay catherine i think you cannot stand out any longer now the sacrifice is not much and to oblige such a friend i shall think you quite unkind if you still refuse,0,2,0,1,5,3,1,1,0,2,0,1,0,5,0,1,2,0,1,0,2,2,1,1,3,5,1,1,0,1,0,1,0,0,0,0,17,33,380,382,Isabella Thorpe; James Morland; John Thorpe,F,major,M,minor
Isabella Thorpe,John Thorpe,i cannot help being jealous catherine when i see myself slighted for strangers i who love you so excessively when once my affections are placed it is not in the power of anything to change them but i believe my feelings are stronger than anybody s i am sure they are too strong for my own peace and to see myself supplanted in your friendship by strangers does cut me to the quick i own these tilneys seem to swallow up everything else,no no no,2,0,1,0,8,0,1,0,6,0,1,0,4,0,1,0,5,0,1,0,2,0,1,0,18,0,1,0,8,0,1,0,3,0,1,0,84,3,381,383,Catherine Morland; James Morland; John Thorpe,F,major,M,intermediate
James Morland,Isabella Thorpe,nay catherine i think you cannot stand out any longer now the sacrifice is not much and to oblige such a friend i shall think you quite unkind if you still refuse,very well then there is an end of the party if catherine does not go i cannot i cannot be the only woman i would not upon any account in the world do so improper a thing,2,5,1,1,3,5,1,1,2,2,1,1,5,4,1,1,0,0,0,0,2,4,1,1,5,3,1,1,1,2,1,1,0,0,0,0,33,39,382,384,Catherine Morland; Isabella Thorpe; John Thorpe,M,minor,F,major
John Thorpe,James Morland,no no no,catherine you must go,0,0,0,0,0,1,0,1,0,0,0,0,0,1,0,1,0,0,0,0,0,0,0,0,0,1,0,1,0,0,0,0,0,0,0,0,3,4,383,385,Catherine Morland; Isabella Thorpe; James Morland,M,intermediate,M,minor
Isabella Thorpe,Catherine Morland,very well then there is an end of the party if catherine does not go i cannot i cannot be the only woman i would not upon any account in the world do so improper a thing,but why cannot mr thorpe drive one of his other sisters i dare say either of them would like to go,5,0,1,0,5,2,1,1,2,2,1,1,4,0,1,0,0,1,0,1,4,1,1,1,3,3,1,1,2,2,1,1,0,0,0,0,39,22,384,386,Catherine Morland; James Morland; John Thorpe,F,major,F,major
James Morland,John Thorpe,catherine you must go,thank ye but i did not come to bath to drive my sisters about and look like a fool no if you do not go d me if i do i only go for the sake of driving you,0,2,0,1,1,2,1,1,0,4,0,1,1,1,1,1,0,0,0,0,0,2,0,1,1,7,1,1,0,4,0,1,0,0,0,0,4,39,385,387,Catherine Morland; Isabella Thorpe; John Thorpe,M,minor,M,intermediate
John Thorpe,James Morland,thank ye but i did not come to bath to drive my sisters about and look like a fool no if you do not go d me if i do i only go for the sake of driving you,i did not think you had been so obstinate catherine you were not used to be so hard to persuade you once were the kindest best tempered of my sisters,2,1,1,1,2,6,1,1,4,1,1,1,1,5,1,1,0,0,0,0,2,2,1,1,7,5,1,1,4,1,1,1,0,0,0,0,39,30,387,389,Catherine Morland; Isabella Thorpe; James Morland,M,intermediate,M,minor
James Morland,Isabella Thorpe,i did not think you had been so obstinate catherine you were not used to be so hard to persuade you once were the kindest best tempered of my sisters,i suspect there is no great struggle,1,0,1,0,6,0,1,0,1,0,1,0,5,0,1,0,0,0,0,0,2,0,1,0,5,1,1,1,1,0,1,0,0,0,0,0,30,7,389,391,Catherine Morland; Isabella Thorpe,M,minor,F,major
Isabella Thorpe,Catherine Morland,i suspect there is no great struggle,you have not,0,0,0,0,0,0,0,0,0,0,0,0,0,0,0,0,0,0,0,0,0,1,0,1,1,1,1,1,0,0,0,0,0,0,0,0,7,3,391,393,Catherine Morland; James Morland,F,major,F,major
Catherine Morland,Isabella Thorpe,you have not,a most heavenly thought indeed now my sweet catherine all our distresses are over you are honourably acquitted and we shall have a most delightful party,0,2,0,1,0,3,0,1,0,1,0,1,0,6,0,1,0,0,0,0,1,0,1,0,1,4,1,1,0,1,0,1,0,0,0,0,3,26,393,395,Isabella Thorpe; James Morland; John Thorpe,F,major,F,major
John Thorpe,Catherine Morland,i have upon my soul left her this moment told her you had sent me to say that having just recollected a prior engagement of going to clifton with us tomorrow you could not have the pleasure of walking with her till tuesday she said very well tuesday was just as convenient to her so there is an end of all our difficulties a pretty good thought of mine hey,this will not do i cannot submit to this i must run after miss tilney directly and set her right i do not care mr thorpe had no business to invent any such message if i had thought it right to put it off i could have spoken to miss tilney myself this is only doing it in a ruder way and how do i know that mr thorpe has he may be mistaken again perhaps he led me into one act of rudeness by his mistake on friday let me go mr thorpe isabella do not hold me then i will go after them wherever they are i will go after them it does not signify talking if i could not be persuaded into doing what i thought wrong i never will be tricked into it,4,1,1,1,5,20,1,1,4,7,1,1,6,7,1,1,6,12,1,1,1,7,1,1,13,27,1,1,7,12,1,1,0,0,0,0,70,138,394,396,Catherine Morland; Isabella Thorpe; James Morland,M,intermediate,F,major
Isabella Thorpe,James Morland,a most heavenly thought indeed now my sweet catherine all our distresses are over you are honourably acquitted and we shall have a most delightful party,let her go let her go if she will go,2,0,1,0,3,1,1,1,1,1,1,1,6,0,1,0,0,3,0,1,0,0,0,0,4,3,1,1,1,0,1,0,0,0,0,0,26,10,395,397,Catherine Morland; James Morland; John Thorpe,F,major,M,minor
Catherine Morland,John Thorpe,this will not do i cannot submit to this i must run after miss tilney directly and set her right i do not care mr thorpe had no business to invent any such message if i had thought it right to put it off i could have spoken to miss tilney myself this is only doing it in a ruder way and how do i know that mr thorpe has he may be mistaken again perhaps he led me into one act of rudeness by his mistake on friday let me go mr thorpe isabella do not hold me then i will go after them wherever they are i will go after them it does not signify talking if i could not be persuaded into doing what i thought wrong i never will be tricked into it,she is as obstinate as,1,0,1,0,20,1,1,1,7,0,1,0,7,1,1,1,12,1,1,1,7,0,1,0,27,1,1,1,12,1,1,1,0,0,0,0,138,5,396,398,Isabella Thorpe; James Morland; John Thorpe,F,major,M,intermediate
Catherine Morland,Mrs. Allen,no i had just engaged myself to walk with miss tilney before they told me of it and therefore you know i could not go with them could i,yes very much so indeed open carriages are nasty things a clean gown is not five minutes wear in them you are splashed getting in and getting out and the wind takes your hair and your bonnet in every direction i hate an open carriage myself,0,3,0,1,3,3,1,1,2,3,1,1,2,5,1,1,1,0,1,0,1,1,1,1,9,6,1,1,3,3,1,1,0,0,0,0,29,46,401,403,Mr. Allen; Mrs. Allen,F,major,F,intermediate
Mr. Allen,Catherine Morland,i know you do but that is not the question do not you think it has an odd appearance if young ladies are frequently driven about in them by young men to whom they are not even related,dear madam then why did not you tell me so before i am sure if i had known it to be improper i would not have gone with mr thorpe at all but i always hoped you would tell me if you thought i was doing wrong,2,0,1,0,4,8,1,1,2,5,1,1,2,5,1,1,2,1,1,1,3,2,1,1,6,11,1,1,3,1,1,1,0,0,0,0,38,47,404,406,Catherine Morland; Mrs. Allen,M,minor,F,major
Mrs. Allen,Mr. Allen,and so i should my dear you may depend on it for as i told mrs morland at parting i would always do the best for you in my power but one must not be over particular young people will be young people as your good mother says herself you know i wanted you when we first came not to buy that sprigged muslin but you would young people do not like to be always thwarted,as far as it has gone hitherto there is no harm done and i would only advise you my dear not to go out with mr thorpe any more,1,0,1,0,10,2,1,1,6,2,1,1,4,5,1,1,3,1,1,1,3,1,1,1,16,4,1,1,6,2,1,1,0,0,0,0,76,29,407,409,Catherine Morland; Mr. Allen,F,intermediate,M,minor
Catherine Morland,Mrs. Allen,but this was something of real consequence and i do not think you would have found me hard to persuade,that is just what i was going to say,0,0,0,0,4,2,1,1,2,0,1,0,0,1,0,1,2,1,1,1,1,0,1,0,3,1,1,1,1,0,1,0,1,0,1,0,20,9,408,410,Mr. Allen; Mrs. Allen,F,major,F,intermediate
Mrs. Allen,Catherine Morland,that is just what i was going to say,i never look at it without thinking of the south of france,0,1,0,1,2,0,1,0,0,0,0,0,1,1,1,1,1,1,1,1,0,1,0,1,1,2,1,1,0,4,0,1,0,0,0,0,9,12,410,412,Catherine Morland; Mr. Allen,F,intermediate,F,major
Catherine Morland,Eleanor Tilney,because they are not clever enough for you gentlemen read better books,yes and i remember that you undertook to read it aloud to me and that when i was called away for only five minutes to answer a note instead of waiting for me you took the volume into the hermitage walk and i was obliged to stay till you had finished it,0,3,0,1,1,3,1,1,2,7,1,1,1,4,1,1,0,2,0,1,1,0,1,0,2,10,1,1,0,5,0,1,0,0,0,0,12,52,416,418,Eleanor Tilney; Henry Tilney,F,major,F,intermediate
Eleanor Tilney,Catherine Morland,yes and i remember that you undertook to read it aloud to me and that when i was called away for only five minutes to answer a note instead of waiting for me you took the volume into the hermitage walk and i was obliged to stay till you had finished it,i am very glad to hear it indeed and now i shall never be ashamed of liking udolpho myself but i really thought before young men despised novels amazingly,3,0,1,0,3,3,1,1,7,3,1,1,4,6,1,1,2,1,1,1,0,1,0,1,10,5,1,1,5,1,1,1,0,0,0,0,52,29,418,420,Catherine Morland; Henry Tilney,F,intermediate,F,major
Catherine Morland,Eleanor Tilney,not very good i am afraid but now really do not you think udolpho the nicest book in the world,henry you are very impertinent miss morland he is treating you exactly as he does his sister he is forever finding fault with me for some incorrectness of language and now he is taking the same liberty with you the word nicest as you used it did not suit him and you had better change it as soon as you can or we shall be overpowered with johnson and blair all the rest of the way,2,4,1,1,2,9,1,1,1,7,1,1,3,7,1,1,0,8,0,1,2,1,1,1,2,16,1,1,1,6,1,1,0,0,0,0,20,76,422,424,Eleanor Tilney; Henry Tilney,F,major,F,intermediate
Henry Tilney,Catherine Morland,the nicest by which i suppose you mean the neatest that must depend upon the binding,i am sure i did not mean to say anything wrong but it is a nice book and why should not i call it so,3,1,1,1,1,4,1,1,1,3,1,1,0,1,0,1,1,3,1,1,0,2,0,1,2,5,1,1,1,0,1,0,0,1,0,1,16,25,423,425,Catherine Morland; Eleanor Tilney,M,major,F,major
Eleanor Tilney,Henry Tilney,henry you are very impertinent miss morland he is treating you exactly as he does his sister he is forever finding fault with me for some incorrectness of language and now he is taking the same liberty with you the word nicest as you used it did not suit him and you had better change it as soon as you can or we shall be overpowered with johnson and blair all the rest of the way,very true and this is a very nice day and we are taking a very nice walk and you are two very nice young ladies oh it is a very nice word indeed it does for everything originally perhaps it was applied only to express neatness propriety delicacy or refinement people were nice in their dress in their sentiments or their choice but now every commendation on every subject is comprised in that one word,4,3,1,1,9,7,1,1,7,6,1,1,7,10,1,1,8,6,1,1,1,0,1,0,16,8,1,1,6,5,1,1,0,1,0,1,76,75,424,426,Catherine Morland; Henry Tilney,F,intermediate,M,major
Catherine Morland,Eleanor Tilney,i am sure i did not mean to say anything wrong but it is a nice book and why should not i call it so,while in fact it ought only to be applied to you without any commendation at all you are more nice than wise come miss morland let us leave him to meditate over our faults in the utmost propriety of diction while we praise udolpho in whatever terms we like best it is a most interesting work you are fond of that kind of reading,1,2,1,1,4,5,1,1,3,2,1,1,1,6,1,1,3,4,1,1,2,0,1,0,5,10,1,1,0,10,0,1,1,0,1,0,25,64,425,427,Eleanor Tilney; Henry Tilney,F,major,F,intermediate
Henry Tilney,Catherine Morland,very true and this is a very nice day and we are taking a very nice walk and you are two very nice young ladies oh it is a very nice word indeed it does for everything originally perhaps it was applied only to express neatness propriety delicacy or refinement people were nice in their dress in their sentiments or their choice but now every commendation on every subject is comprised in that one word,to say the truth i do not much like any other,3,1,1,1,7,0,1,0,6,0,1,0,10,1,1,1,6,0,1,0,0,1,0,1,8,1,1,1,5,1,1,1,1,0,1,0,75,11,426,428,Catherine Morland; Eleanor Tilney,M,major,F,major
Eleanor Tilney,Henry Tilney,historians you think are not happy in their flights of fancy they display imagination without raising interest i am fond of history and am very well contented to take the false with the true in the principal facts they have sources of intelligence in former histories and records which may be as much depended on i conclude as anything that does not actually pass under one s own observation and as for the little embellishments you speak of they are embellishments and i like them as such if a speech be well drawn up i read it with pleasure by whomsoever it may be made and probably with much greater if the production of mr hume or mr robertson than if the genuine words of caractacus agricola or alfred the great,that little boys and girls should be tormented is what no one at all acquainted with human nature in a civilized state can deny but in behalf of our most distinguished historians i must observe that they might well be offended at being supposed to have no higher aim and that by their method and style they are perfectly well qualified to torment readers of the most advanced reason and mature time of life i use the verb to torment as i observed to be your own method instead of to instruct supposing them to be now admitted as synonymous,8,3,1,1,10,11,1,1,11,9,1,1,8,9,1,1,4,0,1,0,2,0,1,0,13,9,1,1,21,10,1,1,1,0,1,0,131,100,433,435,Catherine Morland; Henry Tilney,F,intermediate,M,major
Henry Tilney,Eleanor Tilney,very probably but historians are not accountable for the difficulty of learning to read and even you yourself who do not altogether seem particularly friendly to very severe very intense application may perhaps be brought to acknowledge that it is very well worth while to be tormented for two or three years of one s life for the sake of being able to read all the rest of it consider if reading had not been taught mrs radcliffe would have written in vain or perhaps might not have written at all,indeed and of what nature,3,0,1,0,13,0,1,0,7,1,1,1,13,1,1,1,2,0,1,0,4,0,1,0,4,0,1,0,9,1,1,1,0,0,0,0,91,5,437,439,Catherine Morland; Eleanor Tilney,M,major,F,intermediate
Catherine Morland,Henry Tilney,a particular friend of mine had an account of it in a letter from london yesterday it is to be uncommonly dreadful i shall expect murder and everything of the kind,government neither desires nor dares to interfere in such matters there must be murder and government cares not how much come shall i make you understand each other or leave you to puzzle out an explanation as you can no i will be noble i will prove myself a man no less by the generosity of my soul than the clearness of my head i have no patience with such of my sex as disdain to let themselves sometimes down to the comprehension of yours perhaps the abilities of women are neither sound nor acute neither vigorous nor keen perhaps they may want observation discernment judgment fire genius and wit,4,6,1,1,3,9,1,1,1,10,1,1,1,5,1,1,3,0,1,0,0,2,0,1,3,14,1,1,5,12,1,1,1,0,1,0,31,110,442,444,Eleanor Tilney; Henry Tilney,F,major,M,major
Henry Tilney,Catherine Morland,government neither desires nor dares to interfere in such matters there must be murder and government cares not how much come shall i make you understand each other or leave you to puzzle out an explanation as you can no i will be noble i will prove myself a man no less by the generosity of my soul than the clearness of my head i have no patience with such of my sex as disdain to let themselves sometimes down to the comprehension of yours perhaps the abilities of women are neither sound nor acute neither vigorous nor keen perhaps they may want observation discernment judgment fire genius and wit,riot what riot,6,0,1,0,9,0,1,0,10,0,1,0,5,0,1,0,0,0,0,0,2,0,1,0,14,0,1,0,12,0,1,0,0,0,0,0,110,3,444,446,Catherine Morland; Eleanor Tilney,M,major,F,major
Eleanor Tilney,Henry Tilney,miss morland do not mind what he says but have the goodness to satisfy me as to this dreadful riot,my dear eleanor the riot is only in your own brain the confusion there is scandalous miss morland has been talking of nothing more dreadful than a new publication which is shortly to come out in three duodecimo volumes two hundred and seventy six pages in each with a frontispiece to the first of two tombstones and a lantern do you understand and you miss morland my stupid sister has mistaken all your clearest expressions you talked of expected horrors in london and instead of instantly conceiving as any rational creature would have done that such words could relate only to a circulating library she immediately pictured to herself a mob of three thousand men assembling in st george s fields the bank attacked the tower threatened the streets of london flowing with blood a detachment of the twelfth light dragoons the hopes of the nation called up from northampton to quell the insurgents and the gallant captain frederick tilney in the moment of charging at the head of his troop knocked off his horse by a brickbat from an upper window forgive her stupidity the fears of the sister have added to the weakness of the woman but she is by no means a simpleton in general,1,26,1,1,1,11,1,1,1,7,1,1,0,7,0,1,2,7,1,1,1,0,1,0,2,13,1,1,2,35,1,1,0,1,0,1,20,208,445,447,Catherine Morland; Henry Tilney,F,intermediate,M,major
Catherine Morland,Eleanor Tilney,riot what riot,and now henry that you have made us understand each other you may as well make miss morland understand yourself unless you mean to have her think you intolerably rude to your sister and a great brute in your opinion of women in general miss morland is not used to your odd ways,0,1,0,1,0,3,0,1,0,4,0,1,0,4,0,1,0,1,0,1,0,1,0,1,0,10,0,1,0,5,0,1,0,0,0,0,3,53,446,448,Eleanor Tilney; Henry Tilney,F,major,F,intermediate
Eleanor Tilney,Catherine Morland,we shall get nothing more serious from him now miss morland he is not in a sober mood but i do assure you that he must be entirely misunderstood if he can ever appear to say an unjust thing of any woman at all or an unkind one of me,i wish you could have gone too it is a pity you could not all go,3,1,1,1,6,4,1,1,4,0,1,0,6,2,1,1,5,1,1,1,1,1,1,1,8,4,1,1,4,0,1,0,1,0,1,0,50,16,456,458,Catherine Morland; Henry Tilney,F,intermediate,F,major
Maria Thorpe,Catherine Morland,she will never forgive me i am sure but you know how could i help it john would have me go for he vowed he would not drive her because she had such thick ankles i dare say she will not be in good humour again this month but i am determined i will not be cross it is not a little matter that puts me out of temper,good heaven my dear isabella what do you mean can you can you really be in love with james,1,0,1,0,11,4,1,1,5,0,1,0,2,1,1,1,10,0,1,0,5,0,1,0,17,4,1,1,3,2,1,1,0,0,0,0,69,19,460,462,Catherine Morland,F,minor,F,major
Catherine Morland,Isabella Thorpe,richmond you must settle near fullerton you must be near us,indeed morland i must drive you away consider how far you have to ride i cannot bear to see you linger so for heaven s sake waste no more time there go go i insist on it,0,0,0,0,3,2,1,1,0,1,0,1,0,5,0,1,0,1,0,1,0,2,0,1,3,7,1,1,2,2,1,1,0,0,0,0,11,38,470,472,Isabella Thorpe,F,major,F,major
Mrs. Thorpe,Catherine Morland,dear john dear catherine dear anne and dear maria,shall not you be late at devizes,0,0,0,0,0,2,0,1,1,0,1,0,0,0,0,0,0,0,0,0,0,1,0,1,0,1,0,1,0,1,0,1,0,0,0,0,9,7,473,475,Catherine Morland; Isabella Thorpe; John Thorpe; Maria Thorpe; Miss Anne,F,minor,F,major
John Thorpe,Catherine Morland,by jove no more do i it is not my way to bother my brains with what does not concern me my notion of things is simple enough let me only have the girl i like say i with a comfortable house over my head and what care i for all the rest fortune is nothing i am sure of a good income of my own and if she had not a penny why so much the better,but it was not so bad as that isabella there was no superciliousness she was very civil,5,0,1,0,6,2,1,1,4,2,1,1,6,2,1,1,3,3,1,1,4,1,1,1,14,2,1,1,8,0,1,0,1,0,1,0,78,17,492,494,Catherine Morland,M,intermediate,F,major
Henry Tilney,Catherine Morland,it is as much as should be said of anyone to be always firm must be to be often obstinate when properly to relax is the trial of judgment and without reference to my brother i really think miss thorpe has by no means chosen ill in fixing on the present hour,then why did not you,2,0,1,0,9,0,1,0,3,1,1,1,7,1,1,1,2,0,1,0,0,1,0,1,3,1,1,1,7,0,1,0,1,0,1,0,52,5,523,525,Catherine Morland,M,major,F,major
Catherine Morland,Isabella Thorpe,he is very handsome indeed,it is very charming indeed,0,0,0,0,1,1,1,1,0,0,0,0,2,2,1,1,1,1,1,1,0,0,0,0,1,1,1,1,0,0,0,0,0,0,0,0,5,5,527,529,Isabella Thorpe,F,major,F,major
Mrs. Thorpe,Catherine Morland,i know you never do my dear and you will always find your reward in the affection it makes everybody feel for you there never was a young woman so beloved as you are by everybody that knows you and i dare say when mr morland sees you my dear child but do not let us distress our dear catherine by talking of such things mr morland has behaved so very handsome you know i always heard he was a most excellent man and you know my dear we are not to suppose but what if you had had a suitable fortune he would have come down with something more for i am sure he must be a most liberal minded man,i am very sure that my father has promised to do as much as he can afford,5,0,1,0,15,3,1,1,8,2,1,1,9,3,1,1,8,1,1,1,4,0,1,0,24,3,1,1,8,0,1,0,3,0,1,0,122,17,532,534,Catherine Morland; Isabella Thorpe,F,minor,F,major
Catherine Morland,Mrs. Thorpe,i am very sure that my father has promised to do as much as he can afford,yes yes my darling isabella we perfectly see into your heart you have no disguise we perfectly understand the present vexation and everybody must love you the better for such a noble honest affection,0,2,0,1,3,1,1,1,2,1,1,1,3,2,1,1,1,1,1,1,0,0,0,0,3,6,1,1,0,2,0,1,0,1,0,1,17,34,534,536,Isabella Thorpe; Mrs. Thorpe,F,major,F,minor
Isabella Thorpe,Catherine Morland,as to that my sweet catherine there cannot be a doubt and you know me well enough to be sure that a much smaller income would satisfy me it is not the want of more money that makes me just at present a little out of spirits i hate money and if our union could take place now upon only fifty pounds a year i should not have a wish unsatisfied ah my catherine you have found me out there s the sting the long long endless two years and half that are to pass before your brother can hold the living,by the end of another week,9,1,1,1,10,0,1,0,8,0,1,0,9,0,1,0,3,0,1,0,3,0,1,0,13,0,1,0,6,2,1,1,0,0,0,0,103,6,535,537,Catherine Morland; Mrs. Thorpe,F,major,F,major
Eleanor Tilney,Catherine Morland,i was just beginning to make the request sir as you came in,i will write home directly and if they do not object as i dare say they will not,1,0,1,0,1,4,1,1,1,3,1,1,1,2,1,1,0,0,0,0,0,2,0,1,2,4,1,1,1,0,1,0,0,0,0,0,13,18,542,544,Catherine Morland; General Tilney,F,intermediate,F,major
General Tilney,Catherine Morland,since they can consent to part with you we may expect philosophy from all the world,do not be uneasy isabella james will soon be here,1,0,1,0,2,4,1,1,1,0,1,0,0,2,0,1,0,0,0,0,0,1,0,1,3,0,1,0,3,0,1,0,0,0,0,0,16,10,545,547,Catherine Morland; Eleanor Tilney,M,minor,F,major
Henry Tilney,Catherine Morland,my dear miss morland in this amiable solicitude for your brother s comfort may you not be a little mistaken are you not carried a little too far would he thank you either on his own account or miss thorpe s for supposing that her affection or at least her good behaviour is only to be secured by her seeing nothing of captain tilney is he safe only in solitude or is her heart constant to him only when unsolicited by anyone else he cannot think this and you may be sure that he would not have you think it i will not say do not be uneasy because i know that you are so at this moment but be as little uneasy as you can you have no doubt of the mutual attachment of your brother and your friend depend upon it therefore that real jealousy never can exist between them depend upon it that no disagreement between them can be of any duration their hearts are open to each other as neither heart can be to you they know exactly what is required and what can be borne and you may be certain that one will never tease the other beyond what is known to be pleasant though frederick does not leave bath with us he will probably remain but a very short time perhaps only a few days behind us his leave of absence will soon expire and he must return to his regiment and what will then be their acquaintance the mess room will drink isabella thorpe for a fortnight and she will laugh with your brother over poor tilney s passion for a month,but how can that be are not you with her,9,0,1,0,40,3,1,1,26,2,1,1,19,0,1,0,23,2,1,1,9,1,1,1,43,2,1,1,27,1,1,1,2,0,1,0,280,10,600,602,Catherine Morland,M,major,F,major
Eleanor Tilney,Catherine Morland,that is a curious old chest is not it it is impossible to say how many generations it has been here how it came to be first put in this room i know not but i have not had it moved because i thought it might sometimes be of use in holding hats and bonnets the worst of it is that its weight makes it difficult to open in that corner however it is at least out of the way,how much better is this how much better to find a fire ready lit than to have to wait shivering in the cold till all the family are in bed as so many poor girls have been obliged to do and then to have a faithful old servant frightening one by coming in with a faggot how glad i am that northanger is what it is if it had been like some other places i do not know that in such a night as this i could have answered for my courage but now to be sure there is nothing to alarm one,3,6,1,1,11,13,1,1,6,11,1,1,5,4,1,1,13,5,1,1,2,1,1,1,13,6,1,1,7,9,1,1,0,1,0,1,80,103,619,621,Catherine Morland,F,intermediate,F,major
Henry Tilney,Catherine Morland,at any rate however i am pleased that you have learnt to love a hyacinth the mere habit of learning to love is the thing and a teachableness of disposition in a young lady is a great blessing has my sister a pleasant mode of instruction,is it a pretty place,7,1,1,1,4,1,1,1,2,0,1,0,1,0,1,0,0,1,0,1,0,0,0,0,3,1,1,1,5,0,1,0,0,0,0,0,46,5,627,629,Catherine Morland,M,major,F,major
Catherine Morland,Eleanor Tilney,is it a pretty place,i believe it will be wisest to take the morning while it is so fine and do not be uneasy on my father s account he always walks out at this time of day,1,1,1,1,1,5,1,1,0,2,0,1,0,2,0,1,1,4,1,1,0,1,0,1,1,5,1,1,0,4,0,1,0,0,0,0,5,34,629,631,Eleanor Tilney; General Tilney,F,major,F,intermediate
General Tilney,Catherine Morland,what say you eleanor speak your opinion for ladies can best tell the taste of ladies in regard to places as well as men i think it would be acknowledged by the most impartial eye to have many recommendations the house stands among fine meadows facing the south east with an excellent kitchen garden in the same aspect the walls surrounding which i built and stocked myself about ten years ago for the benefit of my son it is a family living miss morland and the property in the place being chiefly my own you may believe i take care that it shall not be a bad one did henry s income depend solely on this living he would not be ill provided for perhaps it may seem odd that with only two younger children i should think any profession necessary for him and certainly there are moments when we could all wish him disengaged from every tie of business but though i may not exactly make converts of you young ladies i am sure your father miss morland would agree with me in thinking it expedient to give every young man some employment the money is nothing it is not an object but employment is the thing even frederick my eldest son you see who will perhaps inherit as considerable a landed property as any private man in the county has his profession,no not at all mr allen did not care about the garden and never went into it,17,1,1,1,21,1,1,1,10,1,1,1,16,2,1,1,12,1,1,1,4,3,1,1,28,1,1,1,22,2,1,1,1,0,1,0,234,17,630,632,Catherine Morland; Eleanor Tilney,M,minor,F,major
Catherine Morland,Eleanor Tilney,mr allen had only one small hot house which mrs allen had the use of for her plants in winter and there was a fire in it now and then,this is so favourite a walk of mine that i always think it the best and nearest way but perhaps it may be damp,2,2,1,1,0,3,0,1,2,3,1,1,3,3,1,1,2,3,1,1,0,0,0,0,2,4,1,1,4,1,1,1,0,0,0,0,30,24,634,636,Eleanor Tilney; General Tilney,F,major,F,intermediate
General Tilney,Eleanor Tilney,he is a happy man but where are you going eleanor why do you choose that cold damp path to it miss morland will get wet our best way is across the park,i am particularly fond of this spot it was my mother s favourite walk i used to walk here so often with her though i never loved it then as i have loved it since at that time indeed i used to wonder at her choice but her memory endears it now,2,0,1,0,5,3,1,1,3,4,1,1,0,8,0,1,3,9,1,1,0,1,0,1,5,13,1,1,2,4,1,1,0,0,0,0,33,52,635,637,Catherine Morland; Eleanor Tilney,M,minor,F,intermediate
Eleanor Tilney,Catherine Morland,this is so favourite a walk of mine that i always think it the best and nearest way but perhaps it may be damp,and ought it not to endear it to her husband yet the general would not enter it her death must have been a great affliction,2,2,1,1,3,5,1,1,3,2,1,1,3,0,1,0,3,5,1,1,0,2,0,1,4,5,1,1,1,1,1,1,0,0,0,0,24,25,636,638,Catherine Morland; General Tilney,F,intermediate,F,major
General Tilney,Catherine Morland,our friends from fullerton,it remains as it was i suppose,0,0,0,0,0,1,0,1,0,1,0,1,0,0,0,0,0,2,0,1,0,0,0,0,1,3,1,1,1,0,1,0,0,0,0,0,4,7,644,646,Catherine Morland; Eleanor Tilney,M,minor,F,major
General Tilney,Catherine Morland,eleanor,mr tilney good god how came you here how came you up that staircase,0,0,0,0,0,0,0,0,0,2,0,1,0,1,0,1,0,1,0,1,0,0,0,0,0,2,0,1,0,1,0,1,0,0,0,0,1,14,653,655,Catherine Morland; Eleanor Tilney,M,minor,F,major
Eleanor Tilney,Henry Tilney,no bad news from fullerton i hope mr and mrs morland your brothers and sisters i hope they are none of them ill,i am sorry if i had suspected the letter of containing anything unwelcome i should have given it with very different feelings,0,1,0,1,1,4,1,1,2,1,1,1,0,1,0,1,0,2,0,1,0,0,0,0,5,4,1,1,2,2,1,1,0,1,0,1,23,22,678,680,Catherine Morland; Henry Tilney,F,intermediate,M,major
Henry Tilney,Eleanor Tilney,well if it is to be so i can only say that i am sorry for it frederick will not be the first man who has chosen a wife with less sense than his family expected i do not envy his situation either as a lover or a son,what was her father,4,0,1,0,8,1,1,1,5,0,1,0,2,0,1,0,4,1,1,1,2,0,1,0,7,1,1,1,3,0,1,0,0,0,0,0,49,4,688,690,Catherine Morland; Eleanor Tilney,M,major,F,intermediate
Catherine Morland,Henry Tilney,no not very i do not believe isabella has any fortune at all but that will not signify in your family your father is so very liberal he told me the other day that he only valued money as it allowed him to promote the happiness of his children,that is the most unpromising circumstance the strongest presumption against him when i think of his past declarations i give him up moreover i have too good an opinion of miss thorpe s prudence to suppose that she would part with one gentleman before the other was secured it is all over with frederick indeed he is a deceased man defunct in understanding prepare for your sister in law eleanor and such a sister in law as you must delight in open candid artless guileless with affections strong but simple forming no pretensions and knowing no disguise,2,6,1,1,3,6,1,1,3,7,1,1,6,6,1,1,6,7,1,1,3,0,1,0,9,11,1,1,2,12,1,1,0,0,0,0,49,97,693,695,Eleanor Tilney; Henry Tilney,F,major,M,major
Henry Tilney,Catherine Morland,that is the most unpromising circumstance the strongest presumption against him when i think of his past declarations i give him up moreover i have too good an opinion of miss thorpe s prudence to suppose that she would part with one gentleman before the other was secured it is all over with frederick indeed he is a deceased man defunct in understanding prepare for your sister in law eleanor and such a sister in law as you must delight in open candid artless guileless with affections strong but simple forming no pretensions and knowing no disguise,but perhaps though she has behaved so ill by our family she may behave better by yours now she has really got the man she likes she may be constant,6,1,1,1,6,5,1,1,7,2,1,1,6,4,1,1,7,5,1,1,0,0,0,0,11,7,1,1,12,2,1,1,0,0,0,0,97,30,695,697,Catherine Morland; Eleanor Tilney,M,major,F,major
Eleanor Tilney,Henry Tilney,such a sister in law henry i should delight in,indeed i am afraid she will i am afraid she will be very constant unless a baronet should come in her way that is frederick s only chance i will get the bath paper and look over the arrivals,1,3,1,1,1,7,1,1,0,2,0,1,0,2,0,1,0,4,0,1,0,0,0,0,1,6,1,1,2,2,1,1,0,0,0,0,10,39,696,698,Catherine Morland; Henry Tilney,F,intermediate,M,major
Catherine Morland,Henry Tilney,no i do not ought i to say the truth though i am hurt and grieved that i cannot still love her that i am never to hear from her perhaps never to see her again i do not feel so very very much afflicted as one would have thought,no my father s hands need not be strengthened and frederick s confession of folly need not be forestalled he must tell his own story,1,0,1,0,8,5,1,1,4,1,1,1,9,0,1,0,3,2,1,1,5,2,1,1,10,3,1,1,2,1,1,1,0,0,0,0,51,25,703,705,Eleanor Tilney; Henry Tilney,F,major,M,major
Henry Tilney,Catherine Morland,you feel as you always do what is most to the credit of human nature such feelings ought to be investigated that they may know themselves,but he will tell only half of it,1,0,1,0,4,1,1,1,2,1,1,1,1,1,1,1,0,2,0,1,0,0,0,0,4,2,1,1,2,1,1,1,0,0,0,0,26,8,704,706,Catherine Morland; Eleanor Tilney,M,major,F,major
Catherine Morland,Henry Tilney,but he will tell only half of it,and when do you think sir i may look forward to this pleasure i must be at woodston on monday to attend the parish meeting and shall probably be obliged to stay two or three days,0,1,0,1,1,6,1,1,1,4,1,1,1,2,1,1,2,1,1,1,0,0,0,0,2,3,1,1,1,3,1,1,0,0,0,0,8,36,706,708,Henry Tilney,F,major,M,major
General Tilney,Catherine Morland,well well we will take our chance some one of those days there is no need to fix you are not to put yourself at all out of your way whatever you may happen to have in the house will be enough i think i can answer for the young ladies making allowance for a bachelor s table let me see monday will be a busy day with you we will not come on monday and tuesday will be a busy one with me i expect my surveyor from brockham with his report in the morning and afterwards i cannot in decency fail attending the club i really could not face my acquaintance if i stayed away now for as i am known to be in the country it would be taken exceedingly amiss and it is a rule with me miss morland never to give offence to any of my neighbours if a small sacrifice of time and attention can prevent it they are a set of very worthy men they have half a buck from northanger twice a year and i dine with them whenever i can tuesday therefore we may say is out of the question but on wednesday i think henry you may expect us and we shall be with you early that we may have time to look about us two hours and three quarters will carry us to woodston i suppose we shall be in the carriage by ten so about a quarter before one on wednesday you may look for us,go away and why,14,0,1,0,31,0,1,0,13,2,1,1,13,1,1,1,5,0,1,0,5,0,1,0,43,0,1,0,33,0,1,0,0,0,0,0,259,4,709,711,Catherine Morland; Henry Tilney,M,minor,F,major
Henry Tilney,Catherine Morland,i wish i could reason like you for his sake and my own good bye as tomorrow is sunday eleanor i shall not return,oh why do not you fit up this room mr tilney what a pity not to have it fitted up it is the prettiest room i ever saw it is the prettiest room in the world,0,4,0,1,3,4,1,1,2,1,1,1,0,1,0,1,1,4,1,1,1,2,1,1,6,5,1,1,2,3,1,1,0,0,0,0,24,36,716,718,Catherine Morland; Eleanor Tilney,M,major,F,major
General Tilney,Henry Tilney,you like it you approve it as an object it is enough henry remember that robinson is spoken to about it the cottage remains,it will soon be as if you never had,2,0,1,0,2,2,1,1,0,2,0,1,0,2,0,1,5,1,1,1,0,1,0,1,6,2,1,1,3,0,1,0,0,0,0,0,24,9,721,723,Catherine Morland; Eleanor Tilney; Henry Tilney,M,minor,M,major
Catherine Morland,Eleanor Tilney,it is very right that you should stand by your brother,nay if you can use such a word i can urge you no farther if you think it long,0,1,0,1,2,2,1,1,1,2,1,1,1,3,1,1,1,1,1,1,0,1,0,1,3,5,1,1,1,0,1,0,0,0,0,0,11,19,730,732,Eleanor Tilney; Henry Tilney,F,major,F,intermediate
Henry Tilney,Catherine Morland,and if you would stand by yours you would not be much distressed by the disappointment of miss thorpe but your mind is warped by an innate principle of general integrity and therefore not accessible to the cool reasonings of family partiality or a desire of revenge,oh no i do not indeed for my own pleasure i could stay with you as long again,4,0,1,0,4,2,1,1,5,0,1,0,2,4,1,1,0,0,0,0,2,1,1,1,4,4,1,1,8,2,1,1,0,0,0,0,47,18,731,733,Catherine Morland; Eleanor Tilney,M,major,F,major
Sarah,Mrs. Morland,i can allow for his wishing catherine away when he recollected this engagement but why not do it civilly,this has been a strange acquaintance soon made and soon ended i am sorry it happens so for mrs allen thought them very pretty kind of young people and you were sadly out of luck too in your isabella ah poor james well we must live and learn and the next new friends you make i hope will be better worth keeping,0,2,0,1,1,7,1,1,3,5,1,1,2,8,1,1,4,2,1,1,1,0,1,0,4,8,1,1,1,4,1,1,0,0,0,0,19,62,753,755,Catherine Morland; Mrs. Morland,F,minor,F,minor
Mrs. Morland,Catherine Morland,i am sorry for the young people they must have a sad time of it but as for anything else it is no matter now catherine is safe at home and our comfort does not depend upon general tilney well i am glad i did not know of your journey at the time but now it is all over perhaps there is no great harm done it is always good for young people to be put upon exerting themselves and you know my dear catherine you always were a sad little scatter brained creature but now you must have been forced to have your wits about you with so much changing of chaises and so forth and i hope it will appear that you have not left anything behind you in any of the pockets,no friend can be better worth keeping than eleanor,5,0,1,0,16,2,1,1,11,0,1,0,12,0,1,0,7,0,1,0,3,0,1,0,21,0,1,0,13,1,1,1,2,0,1,0,135,9,754,756,Catherine Morland; Sarah,F,minor,F,major
Catherine Morland,Mrs. Morland,no friend can be better worth keeping than eleanor,catherine took us quite by surprise yesterday evening she travelled all the way post by herself and knew nothing of coming till saturday night for general tilney from some odd fancy or other all of a sudden grew tired of having her there and almost turned her out of the house very unfriendly certainly and he must be a very odd man but we are so glad to have her amongst us again and it is a great comfort to find that she is not a poor helpless creature but can shift very well for herself,0,5,0,1,2,6,1,1,0,9,0,1,0,12,0,1,0,10,0,1,0,1,0,1,0,12,0,1,1,11,1,1,0,1,0,1,9,96,756,758,Mrs. Morland,F,major,F,minor
Mrs. Morland,Mrs. Allen,catherine took us quite by surprise yesterday evening she travelled all the way post by herself and knew nothing of coming till saturday night for general tilney from some odd fancy or other all of a sudden grew tired of having her there and almost turned her out of the house very unfriendly certainly and he must be a very odd man but we are so glad to have her amongst us again and it is a great comfort to find that she is not a poor helpless creature but can shift very well for herself,i really have not patience with the general only think my dear of my having got that frightful great rent in my best mechlin so charmingly mended before i left bath that one can hardly see where it was i must show it you some day or other bath is a nice place catherine after all i assure you i did not above half like coming away mrs thorpe s being there was such a comfort to us was not it you know you and i were quite forlorn at first,5,3,1,1,6,12,1,1,9,5,1,1,12,14,1,1,10,4,1,1,1,3,1,1,12,18,1,1,11,6,1,1,1,0,1,0,96,91,758,760,Catherine Morland; Mr. Allen; Mrs. Allen,F,minor,F,intermediate
Mrs. Allen,Catherine Morland,i really have not patience with the general,yes but that did not last long,1,0,1,0,1,1,1,1,0,1,0,1,1,1,1,1,0,1,0,1,1,1,1,1,1,0,1,0,1,0,1,0,0,0,0,0,8,7,759,761,Catherine Morland; Mr. Allen; Mrs. Morland,F,intermediate,F,major
Catherine Morland,Mrs. Morland,do i oh perfectly,my dear catherine i am afraid you are growing quite a fine lady i do not know when poor richard s cravats would be done if he had no friend but you your head runs too much upon bath but there is a time for everything a time for balls and plays and a time for work you have had a long run of amusement and now you must try to be useful,0,5,0,1,0,8,0,1,0,8,0,1,1,3,1,1,0,2,0,1,0,1,0,1,1,9,1,1,0,4,0,1,0,1,0,1,4,73,763,765,Mrs. Allen; Mrs. Morland,F,major,F,minor
Mrs. Allen,Catherine Morland,it was very agreeable was not it mr tilney drank tea with us and i always thought him a great addition he is so very agreeable i have a notion you danced with him but am not quite sure i remember i had my favourite gown on i really have not patience with the general such an agreeable worthy man as he seemed to be i do not suppose mrs morland you ever saw a better bred man in your life his lodgings were taken the very day after he left them catherine but no wonder milsom street you know,her head did not run upon bath much,6,0,1,0,8,1,1,1,5,1,1,1,8,1,1,1,8,1,1,1,4,1,1,1,21,1,1,1,5,0,1,0,0,0,0,0,100,8,764,766,Catherine Morland; Mrs. Morland,F,intermediate,F,major
